{
    "labels": {
        "image_pixel_points": [
            [
                476,
                93
            ],
            [
                241,
                106
            ],
            [
                12,
                91
            ]
        ],
        "lidar_3d_points_millimeters": [
            [
                176.66666666666666,
                0,
                476.6666666666667
            ],
            [
                -16.666666666666668,
                0,
                586.6666666666666
            ],
            [
                -190.0,
                0,
                510.0
            ]
        ]
    }
}