{
    "labels": {
        "image_pixel_points": [
            [
                485,
                115
            ],
            [
                261,
                115
            ],
            [
                45,
                105
            ]
        ],
        "lidar_3d_points_millimeters": [
            [
                183.33333333333331,
                0,
                510.0
            ],
            [
                13.333333333333334,
                0,
                606.6666666666667
            ],
            [
                -190.0,
                0,
                526.6666666666666
            ]
        ]
    }
}