{
    "labels": {
        "image_pixel_points": [
            [
                477,
                100
            ],
            [
                240,
                110
            ],
            [
                11,
                93
            ]
        ],
        "lidar_3d_points_millimeters": [
            [
                180.0,
                0,
                483.3333333333333
            ],
            [
                -10.0,
                0,
                583.3333333333334
            ],
            [
                -200.0,
                0,
                503.3333333333333
            ]
        ]
    }
}