{
    "labels": {
        "image_pixel_points": [
            [
                420,
                130
            ],
            [
                282,
                132
            ],
            [
                156,
                125
            ]
        ],
        "lidar_3d_points_millimeters": [
            [
                223.33333333333331,
                0,
                846.6666666666666
            ],
            [
                40.0,
                0,
                940.0
            ],
            [
                -143.33333333333334,
                0,
                870.0
            ]
        ]
    }
}