{
    "labels": {
        "image_pixel_points": [
            [
                418,
                128
            ],
            [
                283,
                130
            ],
            [
                156,
                124
            ]
        ],
        "lidar_3d_points_millimeters": [
            [
                216.66666666666669,
                0,
                853.3333333333334
            ],
            [
                53.333333333333336,
                0,
                943.3333333333334
            ],
            [
                -140.0,
                0,
                866.6666666666667
            ]
        ]
    }
}