{
    "labels": {
        "image_pixel_points": [
            [
                475,
                98
            ],
            [
                238,
                106
            ],
            [
                10,
                89
            ]
        ],
        "lidar_3d_points_millimeters": [
            [
                160.0,
                0,
                490.0
            ],
            [
                -10.0,
                0,
                583.3333333333334
            ],
            [
                -190.0,
                0,
                516.6666666666667
            ]
        ]
    }
}