{
    "labels": {
        "image_pixel_points": [
            [
                416,
                126
            ],
            [
                282,
                129
            ],
            [
                156,
                125
            ]
        ],
        "lidar_3d_points_millimeters": [
            [
                206.66666666666666,
                0,
                863.3333333333333
            ],
            [
                43.333333333333336,
                0,
                946.6666666666666
            ],
            [
                -143.33333333333334,
                0,
                856.6666666666667
            ]
        ]
    }
}