{
    "labels": {
        "image_pixel_points": [
            [
                475,
                94
            ],
            [
                240,
                104
            ],
            [
                10,
                90
            ]
        ],
        "lidar_3d_points_millimeters": [
            [
                163.33333333333334,
                0,
                486.6666666666667
            ],
            [
                -3.3333333333333335,
                0,
                573.3333333333334
            ],
            [
                -200.0,
                0,
                513.3333333333333
            ]
        ]
    }
}