{
    "labels": {
        "image_pixel_points": [
            [
                484,
                113
            ],
            [
                260,
                118
            ],
            [
                44,
                104
            ]
        ],
        "lidar_3d_points_millimeters": [
            [
                190.0,
                0,
                500.0
            ],
            [
                3.3333333333333335,
                0,
                620.0
            ],
            [
                -170.0,
                0,
                536.6666666666666
            ]
        ]
    }
}