{
    "labels": {
        "image_pixel_points": [
            [
                484,
                112
            ],
            [
                258,
                118
            ],
            [
                45,
                102
            ]
        ],
        "lidar_3d_points_millimeters": [
            [
                186.66666666666669,
                0,
                500.0
            ],
            [
                6.666666666666667,
                0,
                603.3333333333334
            ],
            [
                -173.33333333333334,
                0,
                536.6666666666666
            ]
        ]
    }
}