{
    "labels": {
        "image_pixel_points": [
            [
                419,
                130
            ],
            [
                283,
                130
            ],
            [
                157,
                125
            ]
        ],
        "lidar_3d_points_millimeters": [
            [
                213.33333333333334,
                0,
                846.6666666666666
            ],
            [
                36.666666666666664,
                0,
                943.3333333333334
            ],
            [
                -133.33333333333334,
                0,
                870.0
            ]
        ]
    }
}