{
    "labels": {
        "image_pixel_points": [
            [
                476,
                95
            ],
            [
                243,
                104
            ],
            [
                12,
                89
            ]
        ],
        "lidar_3d_points_millimeters": [
            [
                176.66666666666666,
                0,
                480.0
            ],
            [
                -6.666666666666667,
                0,
                580.0
            ],
            [
                -200.0,
                0,
                503.3333333333333
            ]
        ]
    }
}