{
    "labels": {
        "image_pixel_points": [
            [
                484,
                107
            ],
            [
                260,
                116
            ],
            [
                44,
                104
            ]
        ],
        "lidar_3d_points_millimeters": [
            [
                193.33333333333334,
                0,
                503.3333333333333
            ],
            [
                10.0,
                0,
                613.3333333333333
            ],
            [
                -176.66666666666666,
                0,
                543.3333333333334
            ]
        ]
    }
}