{
    "labels": {
        "image_pixel_points": [
            [
                418,
                128
            ],
            [
                283,
                130
            ],
            [
                155,
                124
            ]
        ],
        "lidar_3d_points_millimeters": [
            [
                220.0,
                0,
                846.6666666666666
            ],
            [
                43.333333333333336,
                0,
                946.6666666666666
            ],
            [
                -140.0,
                0,
                866.6666666666667
            ]
        ]
    }
}