{
    "labels": {
        "image_pixel_points": [
            [
                484,
                113
            ],
            [
                260,
                120
            ],
            [
                44,
                106
            ]
        ],
        "lidar_3d_points_millimeters": [
            [
                183.33333333333331,
                0,
                506.6666666666667
            ],
            [
                10.0,
                0,
                610.0
            ],
            [
                -180.0,
                0,
                530.0
            ]
        ]
    }
}