{
    "labels": {
        "image_pixel_points": [
            [
                419,
                127
            ],
            [
                283,
                129
            ],
            [
                157,
                124
            ]
        ],
        "lidar_3d_points_millimeters": [
            [
                223.33333333333331,
                0,
                846.6666666666666
            ],
            [
                50.0,
                0,
                936.6666666666666
            ],
            [
                -120.0,
                0,
                883.3333333333333
            ]
        ]
    }
}