{
    "labels": {
        "image_pixel_points": [
            [
                485,
                105
            ],
            [
                258,
                116
            ],
            [
                45,
                100
            ]
        ],
        "lidar_3d_points_millimeters": [
            [
                193.33333333333334,
                0,
                500.0
            ],
            [
                6.666666666666667,
                0,
                603.3333333333334
            ],
            [
                -173.33333333333334,
                0,
                540.0
            ]
        ]
    }
}