{
    "labels": {
        "image_pixel_points": [
            [
                483,
                110
            ],
            [
                259,
                118
            ],
            [
                45,
                104
            ]
        ],
        "lidar_3d_points_millimeters": [
            [
                186.66666666666669,
                0,
                503.3333333333333
            ],
            [
                3.3333333333333335,
                0,
                606.6666666666667
            ],
            [
                -180.0,
                0,
                526.6666666666666
            ]
        ]
    }
}