{
    "labels": {
        "image_pixel_points": [
            [
                477,
                97
            ],
            [
                240,
                106
            ],
            [
                10,
                90
            ]
        ],
        "lidar_3d_points_millimeters": [
            [
                170.0,
                0,
                480.0
            ],
            [
                0.0,
                0,
                576.6666666666666
            ],
            [
                -196.66666666666666,
                0,
                500.0
            ]
        ]
    }
}