{
    "labels": {
        "image_pixel_points": [
            [
                475,
                96
            ],
            [
                241,
                104
            ],
            [
                11,
                87
            ]
        ],
        "lidar_3d_points_millimeters": [
            [
                173.33333333333334,
                0,
                483.3333333333333
            ],
            [
                -6.666666666666667,
                0,
                580.0
            ],
            [
                -196.66666666666666,
                0,
                513.3333333333333
            ]
        ]
    }
}