{
    "labels": {
        "image_pixel_points": [
            [
                484,
                108
            ],
            [
                261,
                116
            ],
            [
                44,
                103
            ]
        ],
        "lidar_3d_points_millimeters": [
            [
                183.33333333333331,
                0,
                510.0
            ],
            [
                3.3333333333333335,
                0,
                610.0
            ],
            [
                -180.0,
                0,
                540.0
            ]
        ]
    }
}