{
    "labels": {
        "image_pixel_points": [
            [
                483,
                113
            ],
            [
                257,
                119
            ],
            [
                43,
                102
            ]
        ],
        "lidar_3d_points_millimeters": [
            [
                190.0,
                0,
                496.66666666666663
            ],
            [
                3.3333333333333335,
                0,
                610.0
            ],
            [
                -186.66666666666669,
                0,
                533.3333333333334
            ]
        ]
    }
}