{
    "labels": {
        "image_pixel_points": [
            [
                484,
                106
            ],
            [
                257,
                114
            ],
            [
                44,
                102
            ]
        ],
        "lidar_3d_points_millimeters": [
            [
                190.0,
                0,
                506.6666666666667
            ],
            [
                3.3333333333333335,
                0,
                603.3333333333334
            ],
            [
                -190.0,
                0,
                530.0
            ]
        ]
    }
}