{
    "labels": {
        "image_pixel_points": [
            [
                477,
                94
            ],
            [
                241,
                105
            ],
            [
                12,
                89
            ]
        ],
        "lidar_3d_points_millimeters": [
            [
                170.0,
                0,
                480.0
            ],
            [
                -13.333333333333334,
                0,
                590.0
            ],
            [
                -196.66666666666666,
                0,
                503.3333333333333
            ]
        ]
    }
}