{
    "labels": {
        "image_pixel_points": [
            [
                483,
                112
            ],
            [
                259,
                117
            ],
            [
                44,
                104
            ]
        ],
        "lidar_3d_points_millimeters": [
            [
                183.33333333333331,
                0,
                510.0
            ],
            [
                3.3333333333333335,
                0,
                616.6666666666667
            ],
            [
                -190.0,
                0,
                523.3333333333334
            ]
        ]
    }
}