{
    "labels": {
        "image_pixel_points": [
            [
                476,
                97
            ],
            [
                240,
                107
            ],
            [
                10,
                92
            ]
        ],
        "lidar_3d_points_millimeters": [
            [
                170.0,
                0,
                493.33333333333337
            ],
            [
                0.0,
                0,
                586.6666666666666
            ],
            [
                -206.66666666666666,
                0,
                493.33333333333337
            ]
        ]
    }
}