{
    "labels": {
        "image_pixel_points": [
            [
                418,
                127
            ],
            [
                284,
                130
            ],
            [
                155,
                122
            ]
        ],
        "lidar_3d_points_millimeters": [
            [
                213.33333333333334,
                0,
                836.6666666666666
            ],
            [
                56.666666666666664,
                0,
                940.0
            ],
            [
                -113.33333333333333,
                0,
                886.6666666666667
            ]
        ]
    }
}