{
    "labels": {
        "image_pixel_points": [
            [
                416,
                127
            ],
            [
                284,
                131
            ],
            [
                157,
                124
            ]
        ],
        "lidar_3d_points_millimeters": [
            [
                240.0,
                0,
                826.6666666666666
            ],
            [
                43.333333333333336,
                0,
                940.0
            ],
            [
                -126.66666666666667,
                0,
                866.6666666666667
            ]
        ]
    }
}