{
    "labels": {
        "image_pixel_points": [
            [
                418,
                125
            ],
            [
                285,
                130
            ],
            [
                155,
                125
            ]
        ],
        "lidar_3d_points_millimeters": [
            [
                223.33333333333331,
                0,
                836.6666666666666
            ],
            [
                43.333333333333336,
                0,
                940.0
            ],
            [
                -126.66666666666667,
                0,
                856.6666666666667
            ]
        ]
    }
}