{
    "labels": {
        "image_pixel_points": [
            [
                476,
                96
            ],
            [
                241,
                106
            ],
            [
                11,
                91
            ]
        ],
        "lidar_3d_points_millimeters": [
            [
                173.33333333333334,
                0,
                483.3333333333333
            ],
            [
                -13.333333333333334,
                0,
                586.6666666666666
            ],
            [
                -210.0,
                0,
                483.3333333333333
            ]
        ]
    }
}