{
    "labels": {
        "image_pixel_points": [
            [
                484,
                106
            ],
            [
                259,
                114
            ],
            [
                45,
                101
            ]
        ],
        "lidar_3d_points_millimeters": [
            [
                193.33333333333334,
                0,
                493.33333333333337
            ],
            [
                0.0,
                0,
                613.3333333333333
            ],
            [
                -173.33333333333334,
                0,
                526.6666666666666
            ]
        ]
    }
}