{
    "labels": {
        "image_pixel_points": [
            [
                476,
                90
            ],
            [
                240,
                104
            ],
            [
                13,
                86
            ]
        ],
        "lidar_3d_points_millimeters": [
            [
                173.33333333333334,
                0,
                486.6666666666667
            ],
            [
                -6.666666666666667,
                0,
                583.3333333333334
            ],
            [
                -190.0,
                0,
                503.3333333333333
            ]
        ]
    }
}