{
    "labels": {
        "image_pixel_points": [
            [
                476,
                95
            ],
            [
                242,
                107
            ],
            [
                11,
                90
            ]
        ],
        "lidar_3d_points_millimeters": [
            [
                173.33333333333334,
                0,
                486.6666666666667
            ],
            [
                -3.3333333333333335,
                0,
                583.3333333333334
            ],
            [
                -200.0,
                0,
                503.3333333333333
            ]
        ]
    }
}