{
    "labels": {
        "image_pixel_points": [
            [
                418,
                131
            ],
            [
                284,
                130
            ],
            [
                156,
                124
            ]
        ],
        "lidar_3d_points_millimeters": [
            [
                230.0,
                0,
                843.3333333333334
            ],
            [
                46.66666666666667,
                0,
                943.3333333333334
            ],
            [
                -146.66666666666666,
                0,
                866.6666666666667
            ]
        ]
    }
}