{
    "labels": {
        "image_pixel_points": [
            [
                418,
                127
            ],
            [
                281,
                129
            ],
            [
                156,
                123
            ]
        ],
        "lidar_3d_points_millimeters": [
            [
                223.33333333333331,
                0,
                846.6666666666666
            ],
            [
                23.333333333333336,
                0,
                933.3333333333334
            ],
            [
                -150.0,
                0,
                870.0
            ]
        ]
    }
}