{
    "labels": {
        "image_pixel_points": [
            [
                418,
                126
            ],
            [
                283,
                130
            ],
            [
                157,
                124
            ]
        ],
        "lidar_3d_points_millimeters": [
            [
                206.66666666666666,
                0,
                846.6666666666666
            ],
            [
                53.333333333333336,
                0,
                946.6666666666666
            ],
            [
                -123.33333333333334,
                0,
                870.0
            ]
        ]
    }
}