{
    "labels": {
        "image_pixel_points": [
            [
                419,
                128
            ],
            [
                285,
                130
            ],
            [
                157,
                125
            ]
        ],
        "lidar_3d_points_millimeters": [
            [
                220.0,
                0,
                856.6666666666667
            ],
            [
                50.0,
                0,
                933.3333333333334
            ],
            [
                -126.66666666666667,
                0,
                870.0
            ]
        ]
    }
}