{
    "labels": {
        "image_pixel_points": [
            [
                476,
                96
            ],
            [
                242,
                106
            ],
            [
                11,
                91
            ]
        ],
        "lidar_3d_points_millimeters": [
            [
                163.33333333333334,
                0,
                486.6666666666667
            ],
            [
                -3.3333333333333335,
                0,
                583.3333333333334
            ],
            [
                -200.0,
                0,
                516.6666666666667
            ]
        ]
    }
}