{
    "labels": {
        "image_pixel_points": [
            [
                224,
                188
            ],
            [
                224,
                192
            ],
            [
                252,
                240
            ],
            [
                255,
                218
            ],
            [
                262,
                216
            ],
            [
                262,
                216
            ],
            [
                329,
                126
            ],
            [
                218,
                90
            ]
        ],
        "lidar_3d_points": [
            [
                -96.66666666666667,
                0,
                -53.333333333333336
            ],
            [
                -233.33333333333334,
                0,
                -253.33333333333334
            ],
            [
                -236.66666666666666,
                0,
                -156.66666666666669
            ],
            [
                -230.0,
                0,
                -23.333333333333336
            ]
        ]
    }
}