{
    "labels": {
        "image_pixel_points": [
            [
                483,
                112
            ],
            [
                258,
                120
            ],
            [
                45,
                106
            ]
        ],
        "lidar_3d_points_millimeters": [
            [
                196.66666666666666,
                0,
                506.6666666666667
            ],
            [
                0.0,
                0,
                603.3333333333334
            ],
            [
                -180.0,
                0,
                536.6666666666666
            ]
        ]
    }
}