{
    "labels": {
        "image_pixel_points": [
            [
                477,
                92
            ],
            [
                242,
                107
            ],
            [
                11,
                90
            ]
        ],
        "lidar_3d_points_millimeters": [
            [
                156.66666666666669,
                0,
                496.66666666666663
            ],
            [
                -6.666666666666667,
                0,
                580.0
            ],
            [
                -200.0,
                0,
                510.0
            ]
        ]
    }
}