{
    "labels": {
        "image_pixel_points": [
            [
                418,
                126
            ],
            [
                287,
                128
            ],
            [
                157,
                124
            ]
        ],
        "lidar_3d_points_millimeters": [
            [
                220.0,
                0,
                846.6666666666666
            ],
            [
                40.0,
                0,
                946.6666666666666
            ],
            [
                -110.0,
                0,
                886.6666666666667
            ]
        ]
    }
}