{
    "timestamp": 1776227123,
    "capture_id": 22,
    "lidar_points": [
        [
            -64.25845302139074,
            0.0,
            565.3599306771729
        ],
        [
            -50.7406568674913,
            0.0,
            570.9999546765793
        ],
        [
            -36.22999446772343,
            0.0,
            576.8634045429375
        ],
        [
            -22.290054765542575,
            0.0,
            575.3183605261952
        ],
        [
            -8.811388549031044,
            0.0,
            576.9327165552653
        ],
        [
            4.740970400481566,
            0.0,
            579.4806064051339
        ],
        [
            20.465903823791827,
            0.0,
            572.6343918947546
        ],
        [
            33.07102655478748,
            0.0,
            566.034722612149
        ],
        [
            47.564919386454164,
            0.0,
            559.4817498755077
        ],
        [
            60.77671741985849,
            0.0,
            552.1652294555197
        ],
        [
            73.72212923236417,
            0.0,
            545.0367397354481
        ],
        [
            86.43094654082961,
            0.0,
            538.1028632892193
        ],
        [
            99.70360371769523,
            0.0,
            531.4788367430116
        ],
        [
            112.45551342617954,
            0.0,
            524.8374224462794
        ],
        [
            124.16844713774496,
            0.0,
            517.8208635574672
        ],
        [
            137.89045204934632,
            0.0,
            510.7124662994109
        ],
        [
            147.600390167064,
            0.0,
            504.3454915259286
        ],
        [
            160.0290170381325,
            0.0,
            497.1275250937219
        ],
        [
            170.5006772341423,
            0.0,
            487.811522580903
        ],
        [
            180.21407035246634,
            0.0,
            472.55259109118884
        ],
        [
            187.66027920335958,
            0.0,
            454.8050347229207
        ],
        [
            194.48659610679914,
            0.0,
            437.46602889229104
        ],
        [
            199.32278055233496,
            0.0,
            422.32621177578557
        ],
        [
            206.12588995022938,
            0.0,
            405.9121579753752
        ],
        [
            891.6668528500425,
            0.0,
            1378.8017346698186
        ],
        [
            934.8149647773279,
            0.0,
            1370.548058853962
        ],
        [
            986.3102838969619,
            0.0,
            1367.7101616859818
        ],
        [
            1036.4967119979608,
            0.0,
            1363.8341416819776
        ],
        [
            1087.7413844534572,
            0.0,
            1362.8949860672597
        ],
        [
            1145.2771213964834,
            0.0,
            1362.6225872213422
        ],
        [
            1202.1645504058213,
            0.0,
            1361.7902348554162
        ],
        [
            1261.7734034625435,
            0.0,
            1359.762066802332
        ],
        [
            1328.5698543225021,
            0.0,
            1364.559413212003
        ],
        [
            511.2326585767595,
            0.0,
            454.0432042267987
        ],
        [
            519.5252203727617,
            0.0,
            438.3532911894621
        ],
        [
            522.9316677153961,
            0.0,
            418.05827452688294
        ],
        [
            523.2627647803408,
            0.0,
            398.12350972334406
        ],
        [
            563.7023130174588,
            0.0,
            387.42186605658566
        ],
        [
            734.4653302794429,
            0.0,
            461.17593293396055
        ],
        [
            746.4748757844329,
            0.0,
            442.45375162000323
        ],
        [
            757.3764645326492,
            0.0,
            421.9832828110906
        ],
        [
            767.83780985475,
            0.0,
            404.24641032105757
        ],
        [
            2672.514203307485,
            0.0,
            995.0607497131814
        ],
        [
            2680.3239637910874,
            0.0,
            922.0920231339344
        ],
        [
            2790.7940647531495,
            0.0,
            514.0948848593922
        ],
        [
            3320.226175064191,
            0.0,
            115.94485291988421
        ],
        [
            1600.0800862935778,
            0.0,
            -36.660161575432376
        ],
        [
            1596.3884628269739,
            0.0,
            -77.11639419041347
        ],
        [
            1588.7790402998196,
            0.0,
            -115.88857193004148
        ],
        [
            1587.6110172678868,
            0.0,
            -155.92889517220735
        ],
        [
            1587.683651240645,
            0.0,
            -194.06409658454098
        ],
        [
            1581.0152514850276,
            0.0,
            -234.08083448188285
        ],
        [
            1573.8318403317987,
            0.0,
            -273.970050110999
        ],
        [
            1573.7552875127044,
            0.0,
            -312.5932581259634
        ],
        [
            1575.4184736236236,
            0.0,
            -354.2233694512708
        ],
        [
            1571.7476381151482,
            0.0,
            -395.5248722639997
        ],
        [
            1566.8667558823327,
            0.0,
            -435.45106706813186
        ],
        [
            492.8046022111592,
            0.0,
            -197.07660068993775
        ],
        [
            164.08735581413654,
            0.0,
            -92.77709664526557
        ],
        [
            160.44766092615822,
            0.0,
            -96.04971683104831
        ],
        [
            155.90239516715891,
            0.0,
            -98.66454875558406
        ],
        [
            151.53533684213886,
            0.0,
            -101.25267496782251
        ],
        [
            147.5457098545456,
            0.0,
            -103.97361926718835
        ],
        [
            143.74506391974532,
            0.0,
            -106.66937985527208
        ],
        [
            140.85692220720156,
            0.0,
            -110.04948871446142
        ],
        [
            133.2392629476298,
            0.0,
            -121.02602533824023
        ],
        [
            131.31424814788332,
            0.0,
            -125.29492501037751
        ],
        [
            389.3788127178503,
            0.0,
            -459.44445007686977
        ],
        [
            374.78105633333905,
            0.0,
            -465.66535442704617
        ],
        [
            367.5825754999645,
            0.0,
            -479.5843123881482
        ],
        [
            625.3292322300033,
            0.0,
            -1353.5303289245626
        ],
        [
            586.2725165289601,
            0.0,
            -1359.4722455286833
        ],
        [
            548.3460547221986,
            0.0,
            -1362.5502437600603
        ],
        [
            511.52250137004626,
            0.0,
            -1365.8575989436567
        ],
        [
            473.86108415090183,
            0.0,
            -1370.120701043281
        ],
        [
            400.8799812671235,
            0.0,
            -1373.96208212573
        ],
        [
            128.8083754144001,
            0.0,
            -1003.7690981610775
        ],
        [
            30.456914450548084,
            0.0,
            -546.9025862639087
        ],
        [
            -96.11895730959894,
            0.0,
            -3293.0975381919247
