{
    "timestamp": 1776226952,
    "capture_id": 0,
    "lidar_points": [
        [
            -72.39790572572694,
            0.0,
            581.7624994329977
        ],
        [
            -59.18609739733419,
            0.0,
            587.777652156726
        ],
        [
            -44.61744369755132,
            0.0,
            593.8261814015073
        ],
        [
            -31.94491724923149,
            0.0,
            600.1504163640477
        ],
        [
            -16.86834069261943,
            0.0,
            606.2653784295106
        ],
        [
            -0.6705880905498101,
            0.0,
            614.749634250898
        ],
        [
            12.73508301220895,
            0.0,
            614.3680229802591
        ],
        [
            29.002778691152415,
            0.0,
            603.8038496301526
        ],
        [
            42.4388462328986,
            0.0,
            595.2390333558615
        ],
        [
            57.83011279444076,
            0.0,
            587.1589887365961
        ],
        [
            71.865426803314,
            0.0,
            580.0651777433097
        ],
        [
            84.64455458677301,
            0.0,
            572.7794509048023
        ],
        [
            99.0142269042683,
            0.0,
            565.141792270356
        ],
        [
            111.91937892732308,
            0.0,
            557.884443787889
        ],
        [
            123.49151021898099,
            0.0,
            551.3391396444073
        ],
        [
            136.43337101568267,
            0.0,
            544.6725486687365
        ],
        [
            149.05220425764776,
            0.0,
            537.4648852771095
        ],
        [
            162.91406271759743,
            0.0,
            529.766052771265
        ],
        [
            173.53685739709718,
            0.0,
            522.4320138781118
        ],
        [
            187.48189372554288,
            0.0,
            514.6655244186113
        ],
        [
            199.47913707553658,
            0.0,
            475.3402190763993
        ],
        [
            207.8023386604976,
            0.0,
            455.32234520966335
        ],
        [
            212.5717606241781,
            0.0,
            437.04604629848455
        ],
        [
            878.2736986088563,
            0.0,
            1476.2453633566204
        ],
        [
            924.210275905214,
            0.0,
            1472.7820369665053
        ],
        [
            969.8617577493221,
            0.0,
            1463.5662722799384
        ],
        [
            996.0863790204879,
            0.0,
            1418.4383976859385
        ],
        [
            1010.380075046574,
            0.0,
            1296.8685762053453
        ],
        [
            1058.76760808338,
            0.0,
            1290.8297339592848
        ],
        [
            1106.1014005480831,
            0.0,
            1283.693866038772
        ],
        [
            1154.8894996378974,
            0.0,
            1275.621733166273
        ],
        [
            1206.8642924997764,
            0.0,
            1269.6876159075564
        ],
        [
            1262.5656150323316,
            0.0,
            1264.6331751690016
        ],
        [
            1321.6612446390513,
            0.0,
            1261.7662687356772
        ],
        [
            1381.4873365646822,
            0.0,
            1256.2305924516488
        ],
        [
            1447.5917267014345,
            0.0,
            1252.147831841576
        ],
        [
            1516.7760551075714,
            0.0,
            1249.639132370747
        ],
        [
            1589.7793587146464,
            0.0,
            1244.1676547414531
        ],
        [
            1665.5704376200329,
            0.0,
            1238.7950515828725
        ],
        [
            1706.701336503024,
            0.0,
            1205.479488825418
        ],
        [
            1705.8656508491345,
            0.0,
            1143.190548969444
        ],
        [
            1699.8085799591513,
            0.0,
            1078.3412222006787
        ],
        [
            1693.5851404455373,
            0.0,
            1015.0958684095161
        ],
        [
            1682.965762552025,
            0.0,
            953.3883283204599
        ],
        [
            1680.1561516800455,
            0.0,
            895.7071541367192
        ],
        [
            407.5683829745752,
            0.0,
            170.38508062471328
        ],
        [
            403.8582548669108,
            0.0,
            156.16500880752173
        ],
        [
            402.82130326285755,
            0.0,
            145.37214360947195
        ],
        [
            405.284102106651,
            0.0,
            133.6426544169401
        ],
        [
            409.5716417471353,
            0.0,
            125.09649386196361
        ],
        [
            417.0213367211674,
            0.0,
            114.67107185027398
        ],
        [
            3200.3443360197703,
            0.0,
            400.04211454067814
        ],
        [
            5015.835749917692,
            0.0,
            -108.07742524518922
        ],
        [
            418.56658249578084,
            0.0,
            -84.4453433754799
        ],
        [
            414.03281505586364,
            0.0,
            -93.68606116662724
        ],
        [
            413.16327316607186,
            0.0,
            -104.81017224820256
        ],
        [
            412.298012702297,
            0.0,
            -115.79469427282304
        ],
        [
            154.1236498900527,
            0.0,
            -104.57037364649922
        ],
        [
            150.87140740315536,
            0.0,
            -107.92621752007766
        ],
        [
            145.95063946114274,
            0.0,
            -109.98169548103684
        ],
        [
            141.44443811923185,
            0.0,
            -112.1326042020553
        ],
        [
            137.08250540059004,
            0.0,
            -114.32688534678623
        ],
        [
            133.29547200803057,
            0.0,
            -116.83269937032327
        ],
        [
            514.6926954483382,
            0.0,
            -1397.4823761865923
        ],
        [
            477.17825924382447,
            0.0,
            -1400.7001718444362
        ],
        [
            437.54188920648176,
            0.0,
            -1401.0164730257895
        ],
        [
            399.8010280772613,
            0.0,
            -1400.0339774263928
        ],
        [
            326.4788971776702,
            0.0,
            -1400.1916269559865
        ],
        [
            286.64356877526654,
            0.0,
            -1389.4916433645
        ],
        [
            49.51342863402721,
            0.0,
            -1030.811534852469
        ],
        [
            -12.643641726563478,
            0.0,
            -545.3534526560644
        ],
        [
            -434.900488767438,
            0.0,
            -3268.947327102387
        ],
        [
            -516.1256852953528,
            0.0,
            -3264.450838499242
        ],
        [
            -596.9081858940058,
            0.0,
            -3260.308400690451
        ],
        [
            -351.58421294008815,
            0.0,
            -311.91111107381016
        ],
        [
            -344.3354634336329,
            0.0,
            -271.9092700184112
        ],
        [
            -352.77508520511634,
            0.0,
            -267.952867606456
        ],
        [
            -1603.2908879088181,
            0.0,
            -913.4582044344195
        ],
        [
            -1595.9806969860454,
            0.0,
            -856.4299021799371
        ],
