{
    "timestamp": 1776227123,
    "capture_id": 26,
    "lidar_points": [
        [
            -63.41677913556902,
            0.0,
            566.2096560674945
        ],
        [
            -48.19781673368688,
            0.0,
            572.4746461303819
        ],
        [
            -34.40143802747664,
            0.0,
            577.9771111918202
        ],
        [
            -20.189358842396725,
            0.0,
            578.1475934305469
        ],
        [
            -8.059479753499199,
            0.0,
            579.4439531016808
        ],
        [
            8.361063184817816,
            0.0,
            578.439575601825
        ],
        [
            22.44679966024748,
            0.0,
            571.3092014706333
        ],
        [
            37.15577302824325,
            0.0,
            564.528574148974
        ],
        [
            50.655177299227695,
            0.0,
            557.9552988481996
        ],
        [
            62.198197134296464,
            0.0,
            551.2521626018743
        ],
        [
            75.07146818888926,
            0.0,
            543.8430606930317
        ],
        [
            88.07005376023636,
            0.0,
            537.0770225309114
        ],
        [
            102.65065492385943,
            0.0,
            530.4082442267492
        ],
        [
            113.58438488318708,
            0.0,
            523.82686787784
        ],
        [
            125.88512844820048,
            0.0,
            516.8916080142723
        ],
        [
            139.01199684103966,
            0.0,
            509.8901006435277
        ],
        [
            149.72833521222506,
            0.0,
            503.4570370295519
        ],
        [
            161.96368526622283,
            0.0,
            495.71162449047324
        ],
        [
            173.1015125252784,
            0.0,
            485.0369742209978
        ],
        [
            181.64354121232174,
            0.0,
            470.1293693610808
        ],
        [
            188.419939659408,
            0.0,
            453.1373840666261
        ],
        [
            192.92536546163348,
            0.0,
            436.51731450366907
        ],
        [
            201.66842336006349,
            0.0,
            419.2700913724544
        ],
        [
            206.99743772683397,
            0.0,
            404.3453020309813
        ],
        [
            896.889674022345,
            0.0,
            1374.514632563834
        ],
        [
            942.2167751244594,
            0.0,
            1370.933914772723
        ],
        [
            991.7301997468239,
            0.0,
            1366.566303151854
        ],
        [
            1042.405638505736,
            0.0,
            1363.1017881330247
        ],
        [
            1095.1707720023082,
            0.0,
            1363.0308984582368
        ],
        [
            1151.6338588909534,
            0.0,
            1364.1323313945504
        ],
        [
            1210.1018787648775,
            0.0,
            1361.7732944619358
        ],
        [
            1269.8504306179361,
            0.0,
            1362.4926179100723
        ],
        [
            1338.6050556884966,
            0.0,
            1366.640225108714
        ],
        [
            510.53077343051933,
            0.0,
            450.68761840152183
        ],
        [
            515.4136886644862,
            0.0,
            430.8094614063949
        ],
        [
            517.6687183257452,
            0.0,
            410.62106688159616
        ],
        [
            735.2843507852164,
            0.0,
            457.50729337395575
        ],
        [
            748.5652320318965,
            0.0,
            440.38885475569543
        ],
        [
            757.0769279459173,
            0.0,
            420.4646538913495
        ],
        [
            772.3725284226452,
            0.0,
            404.752612515361
        ],
        [
            2697.1748170834676,
            0.0,
            992.534133463813
        ],
        [
            2717.1389069645106,
            0.0,
            926.4781285921995
        ],
        [
            2722.0974477177083,
            0.0,
            850.9344775767045
        ],
        [
            3107.176930678385,
            0.0,
            645.4097701925908
        ],
        [
            5019.279488008751,
            0.0,
            296.0024007581782
        ],
        [
            1595.6682857384767,
            0.0,
            -43.09042107512188
        ],
        [
            1591.4283997699326,
            0.0,
            -81.22744859782145
        ],
        [
            1588.207808755002,
            0.0,
            -120.20199128814431
        ],
        [
            1585.5559544537236,
            0.0,
            -161.40439212221432
        ],
        [
            1585.2493711096447,
            0.0,
            -199.4730405254706
        ],
        [
            1579.8115605581918,
            0.0,
            -238.74776569989257
        ],
        [
            1576.12685747797,
            0.0,
            -279.68677415390755
        ],
        [
            1574.6685002799543,
            0.0,
            -319.47562774972266
        ],
        [
            1572.3487068061984,
            0.0,
            -359.8451669883522
        ],
        [
            1570.5540786096915,
            0.0,
            -400.23799002901166
        ],
        [
            1566.2756806712168,
            0.0,
            -441.2743530253219
        ],
        [
            1565.6414874863906,
            0.0,
            -481.46727060247997
        ],
        [
            495.50294724568926,
            0.0,
            -197.05936103325746
        ],
        [
            163.61644956955826,
            0.0,
            -93.1005903861635
        ],
        [
            159.97097841839417,
            0.0,
            -96.35791905111724
        ],
        [
            155.21098099456017,
            0.0,
            -98.82080438200393
        ],
        [
            151.0511620079125,
            0.0,
            -101.5260875640314
        ],
        [
            147.0576540410944,
            0.0,
            -104.23103610695709
        ],
        [
            143.2241190185271,
            0.0,
            -106.95052235200531
        ],
        [
            139.99652314953596,
            0.0,
            -109.93167653611692
        ],
        [
            132.35493428949937,
            0.0,
            -120.883141377209
        ],
        [
            131.15247368248805,
            0.0,
            -125.82563787624636
        ],
        [
            389.89983629818676,
            0.0,
            -460.3136758283933
        ],
        [
            377.0044537041109,
            0.0,
            -468.6895474482708
        ],
        [
            369.75253078469825,
            0.0,
            -482.96079393498474
        ],
        [
            620.4800445454794,
            0.0,
            -1354.6602948048783
        ],
        [
            583.0548190061328,
            0.0,
            -1362.2151594126847
        ],
        [
            545.0929710398782,
            0.0,
            -1364.1241339859503
        ],
        [
            508.0815404737383,
            0.0,
            -1366.8746141215122
        ],
        [
            469.21296400316356,
            0.0,
            -1371.1909994276384
        ],
        [
            395.5914731735232,
            0.0,
            -1373.9332039267417
        ],
        [
            127.63145054254933,
            0.0,
            -1021.0539715570401
        ],
        [
            30.009470675576004,
            0.0,
            -546.927320738114
        ],
        [
            -186.24412452693014,
            0.0,
            -3295.741817266516
        ],
