{
    "timestamp": 1776226958,
    "capture_id": 12,
    "lidar_points": [
        [
            -72.90491103778308,
            0.0,
            581.9511353598109
        ],
        [
            -58.865505631831304,
            0.0,
            587.8098457381509
        ],
        [
            -44.16866015645799,
            0.0,
            594.3611103192935
        ],
        [
            -29.51420610794198,
            0.0,
            600.7754669074112
        ],
        [
            -15.71097802051703,
            0.0,
            606.2964746472132
        ],
        [
            30.623937426997568,
            0.0,
            603.2231547748041
        ],
        [
            43.737354326873096,
            0.0,
            595.145029666287
        ],
        [
            58.58098564960025,
            0.0,
            586.5820642674998
        ],
        [
            72.12004595961542,
            0.0,
            579.5297222496729
        ],
        [
            87.0677097375987,
            0.0,
            571.9103635370226
        ],
        [
            99.08192052356813,
            0.0,
            564.6222945698844
        ],
        [
            111.87020521074692,
            0.0,
            557.639327599933
        ],
        [
            125.29509886655619,
            0.0,
            550.9320631439233
        ],
        [
            137.62133655075277,
            0.0,
            544.3736012390613
        ],
        [
            152.36153147588078,
            0.0,
            535.756440676474
        ],
        [
            163.19687226322637,
            0.0,
            528.6325220637681
        ],
        [
            176.14338196894684,
            0.0,
            520.7672911085542
        ],
        [
            187.66367878358068,
            0.0,
            509.54032584812467
        ],
        [
            207.34291154989774,
            0.0,
            453.3333950085867
        ],
        [
            213.94138669413093,
            0.0,
            434.4273766228279
        ],
        [
            883.228514523955,
            0.0,
            1473.5777519804674
        ],
        [
            927.6892208566816,
            0.0,
            1467.6364577123052
        ],
        [
            971.0378071551019,
            0.0,
            1454.9780546714137
        ],
        [
            1015.2800640930243,
            0.0,
            1293.6717672791906
        ],
        [
            1065.6921761824397,
            0.0,
            1290.6352110970538
        ],
        [
            1114.5780397701549,
            0.0,
            1284.2959328994696
        ],
        [
            1164.8061276623682,
            0.0,
            1276.7438065094339
        ],
        [
            1216.5443433849575,
            0.0,
            1270.818800253625
        ],
        [
            1269.5226626882338,
            0.0,
            1262.6173050140635
        ],
        [
            1328.6268851099012,
            0.0,
            1258.068226553378
        ],
        [
            1393.0834414355934,
            0.0,
            1255.7144481122941
        ],
        [
            1459.9120354789159,
            0.0,
            1252.401332905634
        ],
        [
            1530.5407539797143,
            0.0,
            1249.808385476433
        ],
        [
            1602.5270817783244,
            0.0,
            1245.709442312712
        ],
        [
            1676.9911586786156,
            0.0,
            1238.0795223707378
        ],
        [
            1710.3063529174722,
            0.0,
            1196.8744416897434
        ],
        [
            1701.7814116768188,
            0.0,
            1130.393306274968
        ],
        [
            1696.8227839270462,
            0.0,
            1064.8018606511112
        ],
        [
            1691.1770914931965,
            0.0,
            1003.0249786065214
        ],
        [
            1684.828876941836,
            0.0,
            942.9460312885952
        ],
        [
            408.0182523931146,
            0.0,
            166.01613088513014
        ],
        [
            402.90433017485793,
            0.0,
            155.16495489107407
        ],
        [
            403.4092169653592,
            0.0,
            142.23595244309982
        ],
        [
            406.4467753433192,
            0.0,
            131.69503146670885
        ],
        [
            411.8859705598952,
            0.0,
            122.6173305692681
        ],
        [
            418.740088938334,
            0.0,
            115.02086947991705
        ],
        [
            3157.83832542016,
            0.0,
            378.9951985284243
        ],
        [
            5041.1215841625135,
            0.0,
            243.5203763360036
        ],
        [
            5032.060806686578,
            0.0,
            -130.39593670367356
        ],
        [
            426.21512367938345,
            0.0,
            -76.35226484504474
        ],
        [
            416.875835683101,
            0.0,
            -86.47311792410504
        ],
        [
            412.7697747232089,
            0.0,
            -98.02640243807473
        ],
        [
            412.3214676033792,
            0.0,
            -108.07437186213718
        ],
        [
            412.65383368567177,
            0.0,
            -118.20480550518226
        ],
        [
            411.9086707389116,
            0.0,
            -129.38048334313373
        ],
        [
            157.23693664210805,
            0.0,
            -102.59926050126138
        ],
        [
            153.64189649405918,
            0.0,
            -105.71857756188744
        ],
        [
            149.32276158218363,
            0.0,
            -108.36495223766003
        ],
        [
            144.63168039490168,
            0.0,
            -110.4793058728512
        ],
        [
            140.09214211261565,
            0.0,
            -112.62439441923183
        ],
        [
            136.1089838631832,
            0.0,
            -115.09738055981872
        ],
        [
            132.4637377482381,
            0.0,
            -117.77487287943045
        ],
        [
            1150.552050333231,
            0.0,
            -1878.680116324756
        ],
        [
            2237.2215056976,
            0.0,
            -4549.139499338767
        ],
        [
            503.62680384424607,
            0.0,
            -1396.725672760986
        ],
        [
            466.5243798965625,
            0.0,
            -1401.9134256301734
        ],
        [
            427.1053275209952,
            0.0,
            -1401.0972848818112
        ],
        [
            389.73619803542545,
            0.0,
            -1397.9385746308353
        ],
        [
            277.9716841403109,
            0.0,
            -1391.5073635508363
        ],
        [
            -15.689456575156134,
            0.0,
            -547.7753562842859
        ],
        [
            -376.6326930482425,
            0.0,
            -3273.907155758579
        ],
        [
            -458.21663348015915,
            0.0,
            -3273.333939472432
        ],
        [
            -540.229697361172,
            0.0,
            -3261.0553696754455
        ],
        [
            -621.551161322327,
            0.0,
            -3254.427709499608
        ],
        [
            -550.1309108257789,
            0.0,
            -1141.3347365930815
        ],
        [
            -348.0490687878146,
            0.0,
            -317.7080550063771
        ],
        [
            -357.23138856892047,
            0.0,
            -310.02376525215124
        ],
        [
            -345.8828085677357,
            0.0,
            -268.71747754341385
        ],
        [
            -1598.0533768597293,
            0.0,
            -893.2362325875592
