{
    "timestamp": 1776227300,
    "capture_id": 36,
    "lidar_points": [
        [
            -118.18062850632512,
            0.0,
            877.3259950245689
        ],
        [
            -98.04894436105008,
            0.0,
            886.3433121593932
        ],
        [
            -77.53395200276792,
            0.0,
            894.6465706002748
        ],
        [
            -54.725987755755845,
            0.0,
            902.842907855047
        ],
        [
            -32.8855353779554,
            0.0,
            913.158038930231
        ],
        [
            -9.81913270015139,
            0.0,
            923.1977833232795
        ],
        [
            11.681809519387897,
            0.0,
            931.1767274939558
        ],
        [
            34.91984935838995,
            0.0,
            941.1023677691962
        ],
        [
            58.0513351198914,
            0.0,
            940.7105253428379
        ],
        [
            80.7444004750664,
            0.0,
            928.7466846734485
        ],
        [
            104.37336309401,
            0.0,
            916.0732509338136
        ],
        [
            125.90611357301445,
            0.0,
            903.0147911662019
        ],
        [
            146.52748015686865,
            0.0,
            890.5256580014293
        ],
        [
            167.56466240000535,
            0.0,
            878.6650863183152
        ],
        [
            185.75746093717112,
            0.0,
            868.0980521842998
        ],
        [
            206.36614825578403,
            0.0,
            856.4893536139675
        ],
        [
            225.3019787617443,
            0.0,
            840.8384317846339
        ],
        [
            241.1002331251987,
            0.0,
            816.3928221677202
        ],
        [
            253.9325486922819,
            0.0,
            788.1004128375025
        ],
        [
            269.3806279037219,
            0.0,
            766.014410641338
        ],
        [
            813.8649744194614,
            0.0,
            1510.7216167822614
        ],
        [
            860.896800254349,
            0.0,
            1507.2109214744376
        ],
        [
            906.200579604874,
            0.0,
            1497.9739891012096
        ],
        [
            932.4649127275346,
            0.0,
            1460.159387372499
        ],
        [
            954.6790707137948,
            0.0,
            1336.8677699911257
        ],
        [
            998.8815103366074,
            0.0,
            1330.8387311420036
        ],
        [
            1050.2481620426645,
            0.0,
            1326.271789877929
        ],
        [
            1098.756463873697,
            0.0,
            1320.3784668025185
        ],
        [
            1149.3973899295045,
            0.0,
            1314.970680290341
        ],
        [
            1205.1650991648835,
            0.0,
            1312.3300447124177
        ],
        [
            1264.0743128187696,
            0.0,
            1311.1322184172561
        ],
        [
            1325.221906660929,
            0.0,
            1307.987346309578
        ],
        [
            1388.2905692740712,
            0.0,
            1307.401352020364
        ],
        [
            1459.778363027426,
            0.0,
            1307.9170963164938
        ],
        [
            1534.3816191738451,
            0.0,
            1306.8715685718507
        ],
        [
            1604.8404415340544,
            0.0,
            1300.2989683979533
        ],
        [
            1649.388609491394,
            0.0,
            1271.3471063718382
        ],
        [
            1657.3575553703463,
            0.0,
            1212.447187986689
        ],
        [
            1652.4390750436241,
            0.0,
            1145.6704001452474
        ],
        [
            1646.5495391810853,
            0.0,
            1083.3815648341797
        ],
        [
            1640.5121043974088,
            0.0,
            1019.5157111715274
        ],
        [
            1637.4698645858489,
            0.0,
            959.7376946714147
        ],
        [
            1635.1862403272291,
            0.0,
            904.6504971227844
        ],
        [
            1622.794849804459,
            0.0,
            844.2111335134848
        ],
        [
            1619.429274942965,
            0.0,
            791.4891492987774
        ],
        [
            2725.51810939761,
            0.0,
            874.9041578056881
        ],
        [
            2731.0376422911627,
            0.0,
            802.4933933614199
        ],
        [
            2736.1428260052985,
            0.0,
            731.5480149653464
        ],
        [
            3119.932648665353,
            0.0,
            591.4562687063128
        ],
        [
            3319.08124784625,
            0.0,
            133.12675424339338
        ],
        [
            379.314970240528,
            0.0,
            -35.79320258690684
        ],
        [
            370.094084515128,
            0.0,
            -44.417689121669554
        ],
        [
            367.01412139150545,
            0.0,
            -54.23683894938307
        ],
        [
            363.6751805215958,
            0.0,
            -63.92124508005707
        ],
        [
            356.5347753261876,
            0.0,
            -70.81810491043173
        ],
        [
            355.0478923607423,
            0.0,
            -81.35758495797874
        ],
        [
            355.2246103935913,
            0.0,
            -88.15597637552007
        ],
        [
            355.36505654212453,
            0.0,
            -97.50859751228406
        ],
        [
            153.84274687480013,
            0.0,
            -91.01632674425052
        ],
        [
            150.6891522800244,
            0.0,
            -94.27535141874372
        ],
        [
            146.63474450539326,
            0.0,
            -96.88299233528063
        ],
        [
            141.2646676783521,
            0.0,
            -100.29883431887305
        ],
        [
            136.9306510839747,
            0.0,
            -102.42556709005214
        ],
        [
            132.97202030424114,
            0.0,
            -104.70914151213582
        ],
        [
            129.78460436694522,
            0.0,
            -107.46258171715168
        ],
        [
            559.6638171355779,
            0.0,
            -1373.3409670541523
        ],
        [
            522.4235949329014,
            0.0,
            -1377.7793137717606
        ],
        [
            485.2666421997157,
            0.0,
            -1379.9108117803169
        ],
        [
            447.340033480282,
            0.0,
            -1381.8983842692126
        ],
        [
            409.6639561991623,
            0.0,
            -1380.2374815557107
        ],
        [
            370.39743268585664,
            0.0,
            -1377.83210310971
        ],
        [
            6.361442974529351,
            0.0,
            -542.4627010618166
        ],
        [
            -242.76305987890274,
            0.0,
            -3291.058507039678
        ],
        [
            -324.10643168141496,
            0.0,
            -3281.5333719075206
        ],
        [
            -407.34312503366493,
            0.0,
            -3280.5570626019917
        ],
        [
            -489.8403884835295,
            0.0,
            -3277.5985711813923
        ],
        [
            -343.1731039101066,
            0.0,
            -324.06206311863036
        ],
        [
            -343.20682582239675,
            0.0,
            -276.5314398199869
        ],
        [
            -1572.6591669098057,
            0.0,
            -959.0136311515888
        ],
        [
