{
    "timestamp": 1775891946,
    "capture_id": 1,
    "lidar_points": [
        [
            -91.18794653536702,
            0.0,
            721.5104440731701
        ],
        [
            -72.29271999304885,
            0.0,
            721.889196924297
        ],
        [
            -53.402322410461295,
            0.0,
            710.7466176220391
        ],
        [
            -34.161368425974246,
            0.0,
            707.1753678595323
        ],
        [
            1.4742566330530722,
            0.0,
            675.7483918348455
        ],
        [
            17.603997737044693,
            0.0,
            672.2695510460622
        ],
        [
            180.87583793816447,
            0.0,
            444.8864953560255
        ],
        [
            189.83651021482893,
            0.0,
            434.3248777003859
        ],
        [
            199.05114036516386,
            0.0,
            394.64242488527236
        ],
        [
            206.37878506018697,
            0.0,
            386.6146137655445
        ],
        [
            217.49002756301368,
            0.0,
            354.9114684123909
        ],
        [
            221.78487484862288,
            0.0,
            323.8328570240838
        ],
        [
            223.5742638568797,
            0.0,
            311.2797954266456
        ],
        [
            227.7653456614741,
            0.0,
            298.84947685366495
        ],
        [
            235.51079229744607,
            0.0,
            273.92741595435314
        ],
        [
            239.4437799998737,
            0.0,
            269.15931847025485
        ],
        [
            244.39477391554132,
            0.0,
            243.86216800227837
        ],
        [
            250.94089769813036,
            0.0,
            237.48455920850193
        ],
        [
            256.02694266651565,
            0.0,
            234.2204188981753
        ],
        [
            263.4496954680796,
            0.0,
            227.7549570432576
        ],
        [
            269.2350299255276,
            0.0,
            220.09670865553682
        ],
        [
            274.1473967340549,
            0.0,
            211.9090721605394
        ],
        [
            278.43743745567144,
            0.0,
            204.97720830160378
        ],
        [
            282.66685127205045,
            0.0,
            199.53809458833797
        ],
        [
            287.8414648255296,
            0.0,
            192.8977478538653
        ],
        [
            292.85174994096246,
            0.0,
            185.67017815609478
        ],
        [
            299.0564376291592,
            0.0,
            176.48742055046537
        ],
        [
            303.89312774569174,
            0.0,
            170.07947968212005
        ],
        [
            309.9207198943629,
            0.0,
            163.70521488382659
        ],
        [
            315.624654291728,
            0.0,
            159.1958780974783
        ],
        [
            321.6878971845261,
            0.0,
            153.65268238790284
        ],
        [
            329.89055018736605,
            0.0,
            145.37013069085722
        ],
        [
            338.7180640819987,
            0.0,
            141.27658356763524
        ],
        [
            545.9043797924899,
            0.0,
            92.88417854175701
        ],
        [
            540.3282712889553,
            0.0,
            78.49432620189266
        ],
        [
            537.3190790142952,
            0.0,
            63.00164543271495
        ],
        [
            528.8119900178657,
            0.0,
            48.15474237647507
        ],
        [
            517.5255161718894,
            0.0,
            35.62165929626889
        ],
        [
            512.767585944504,
            0.0,
            22.247815727517594
        ],
        [
            518.1782942872264,
            0.0,
            8.620778942794175
        ],
        [
            521.2378859546633,
            0.0,
            -3.5536946286141853
        ],
        [
            527.226904972209,
            0.0,
            -16.971761058454213
        ],
        [
            691.839130052156,
            0.0,
            -189.22521139815416
        ],
        [
            675.6037140908682,
            0.0,
            -202.3293948160386
        ],
        [
            661.2269427365084,
            0.0,
            -216.44166119148653
        ],
        [
            618.5359095452533,
            0.0,
            -238.01447666691672
        ],
        [
            606.9450972034989,
            0.0,
            -252.18091022247353
        ],
        [
            601.2487549074267,
            0.0,
            -266.71144936479413
        ],
        [
            305.33779011779643,
            0.0,
            -550.4898581499758
        ],
        [
            287.2994046211836,
            0.0,
            -549.6991127920014
        ],
        [
            270.5758663142464,
            0.0,
            -547.5438457952889
        ],
        [
            252.2869693633978,
            0.0,
            -546.8604461738223
        ],
        [
            234.52625512363295,
            0.0,
            -546.285351860806
        ],
        [
            202.64312615579522,
            0.0,
            -547.4484687363793
        ],
        [
            186.12171727202886,
            0.0,
            -542.4582531031406
        ],
        [
            157.06763513418005,
            0.0,
            -542.728991296168
        ],
        [
            141.62637086746318,
            0.0,
            -539.7276823314808
        ],
        [
            125.26814485745844,
            0.0,
            -539.9082833074251
        ],
        [
            112.39872686516148,
            0.0,
            -538.9033087661373
        ],
        [
            97.58406570996455,
            0.0,
            -537.9711076066384
        ],
        [
            -1.452576892577345,
            0.0,
            -887.7488116130436
        ],
        [
            -22.924623599530772,
            0.0,
            -903.7092793774001
        ],
        [
            -1020.463843141435,
            0.0,
            -8181.8580473716975
        ],
        [
            -1216.025715924179,
            0.0,
            -8121.466952356026
        ],
        [
            -1416.1407337279745,
            0.0,
            -8082.881999774362
        ],
        [
            -97.72725003610437,
            0.0,
            -289.71097166034417
        ],
        [
            -105.69773118583352,
            0.0,
            -281.29742199701593
        ],
        [
            -114.10626325322495,
            0.0,
            -278.26304674962813
        ],
        [
            -120.03948676510065,
            0.0,
            -277.9353955817273
        ],
        [
            -127.37070125138384,
            0.0,
            -277.6813901987865
        ],
        [
            -134.7079418552678,
            0.0,
            -277.5356200582509
        ],
        [
            -142.02395968959738,
            0.0,
            -277.8006387215257
        ],
        [
            -153.43740473609722,
            0.0,
            -275.38976983150826
        ],
        [
            -160.3526332672341,
            0.0,
            -275.47884765307106
        ],
        [
            -168.35578567525255,
            0.0,
            -275.06831774973364
        ],
        [
            -175.54652623702873,
            0.0,
            -275.8847895881761
        ],
        [
            -186.17712673353412,
            0.0,
            -274.88557161343624
        ],
        [
            -195.02293410423067,
            0.0,
            -274.8364152971307
        ],
        [
            -239.09073431180352,
            0.0,
