{
    "timestamp": 1776227308,
    "capture_id": 44,
    "lidar_points": [
        [
            -112.30490873942352,
            0.0,
            880.8698016580145
        ],
        [
            -92.45266941235882,
            0.0,
            888.9553230722729
        ],
        [
            -69.38971926119356,
            0.0,
            897.3210500488957
        ],
        [
            -48.2362935169344,
            0.0,
            906.2171428458789
        ],
        [
            -27.74629277172874,
            0.0,
            916.3300201005234
        ],
        [
            -5.549568313181405,
            0.0,
            924.983352440214
        ],
        [
            18.602481136740536,
            0.0,
            934.314827933046
        ],
        [
            41.089462898146515,
            0.0,
            941.1034247301101
        ],
        [
            63.985580398120874,
            0.0,
            937.0679847274239
        ],
        [
            86.54186787059815,
            0.0,
            925.2113637463971
        ],
        [
            109.97773331143432,
            0.0,
            912.1438815645694
        ],
        [
            130.53635199875185,
            0.0,
            898.5678943779697
        ],
        [
            150.75332815242268,
            0.0,
            886.0163635909711
        ],
        [
            172.63721914148488,
            0.0,
            875.3893151433224
        ],
        [
            192.76332651603445,
            0.0,
            865.0325788376254
        ],
        [
            212.93265557660888,
            0.0,
            852.0462115924777
        ],
        [
            230.02441643875383,
            0.0,
            833.8547642377603
        ],
        [
            246.46739081095947,
            0.0,
            807.7339136540187
        ],
        [
            259.33588160986903,
            0.0,
            780.0185257477107
        ],
        [
            829.3770959115593,
            0.0,
            1508.8262641130382
        ],
        [
            876.7201619654035,
            0.0,
            1506.1670956780847
        ],
        [
            918.5153914797394,
            0.0,
            1493.3904506574363
        ],
        [
            938.728877777537,
            0.0,
            1366.6572701400032
        ],
        [
            965.7479026887803,
            0.0,
            1332.2917242301787
        ],
        [
            1014.4974721978166,
            0.0,
            1328.1082190108757
        ],
        [
            1064.5879540240078,
            0.0,
            1325.7083203506634
        ],
        [
            1116.8752423348549,
            0.0,
            1321.4971644159739
        ],
        [
            1168.6984827073898,
            0.0,
            1316.6260313837963
        ],
        [
            1223.5217192958069,
            0.0,
            1311.3492488316883
        ],
        [
            1281.9260125568876,
            0.0,
            1308.7741204386639
        ],
        [
            1346.4659273789903,
            0.0,
            1309.5237947083801
        ],
        [
            506.70600789502237,
            0.0,
            422.12471091265144
        ],
        [
            510.2860784185929,
            0.0,
            405.44565686682796
        ],
        [
            523.1983591406863,
            0.0,
            394.4819888061982
        ],
        [
            539.1850165906687,
            0.0,
            388.38095715948833
        ],
        [
            561.7621919687172,
            0.0,
            384.0618305357904
        ],
        [
            626.4898161666578,
            0.0,
            385.7960247844286
        ],
        [
            1632.5555461746628,
            0.0,
            888.1354844022101
        ],
        [
            1628.2805231942534,
            0.0,
            834.1299585713538
        ],
        [
            1625.6639653826353,
            0.0,
            779.7600090132896
        ],
        [
            2717.8281615441456,
            0.0,
            852.8554005911958
        ],
        [
            432.7532202596882,
            0.0,
            78.13266189545675
        ],
        [
            429.32130851839497,
            0.0,
            65.24014524855932
        ],
        [
            427.3586172191043,
            0.0,
            55.907175644769275
        ],
        [
            427.08554096991816,
            0.0,
            45.47736463816195
        ],
        [
            429.596573571412,
            0.0,
            34.753186554651045
        ],
        [
            432.3752868001396,
            0.0,
            23.251050825652147
        ],
        [
            1587.5577100416751,
            0.0,
            -118.84661243482007
        ],
        [
            1581.6752324295555,
            0.0,
            -157.52367796274785
        ],
        [
            1574.6374512672346,
            0.0,
            -197.70153531681967
        ],
        [
            1568.8264132578406,
            0.0,
            -234.4626784043449
        ],
        [
            1563.853551161507,
            0.0,
            -274.43056138036695
        ],
        [
            1561.5497399653293,
            0.0,
            -313.7116065978631
        ],
        [
            648.6167902587736,
            0.0,
            -180.4489453956606
        ],
        [
            639.049746426968,
            0.0,
            -193.66332665641121
        ],
        [
            624.6204710351885,
            0.0,
            -206.9136707996339
        ],
        [
            618.3370356313808,
            0.0,
            -223.52977512312864
        ],
        [
            624.602274557768,
            0.0,
            -240.34883215289932
        ],
        [
            145.0340140707841,
            0.0,
            -97.48177913084884
        ],
        [
            139.85896019797073,
            0.0,
            -100.97386420427038
        ],
        [
            135.71834143215307,
            0.0,
            -103.20262496131348
        ],
        [
            132.139775935827,
            0.0,
            -105.75746836809887
        ],
        [
            128.54810062457312,
            0.0,
            -108.16369920548493
        ],
        [
            1189.4089956193422,
            0.0,
            -1799.1322362849785
        ],
        [
            550.2059132126827,
            0.0,
            -1373.6569861380233
        ],
        [
            511.7996801701364,
            0.0,
            -1378.027970462772
        ],
        [
            474.4139860815089,
            0.0,
            -1380.243319060177
        ],
        [
            437.2300086142212,
            0.0,
            -1382.7707626599604
        ],
        [
            399.1035365314168,
            0.0,
            -1380.465634171353
        ],
        [
            359.7934202428269,
            0.0,
            -1375.7298771015944
        ],
        [
            1.1819142152519377,
            0.0,
            -541.7487107310803
        ],
        [
            -269.10749712216915,
            0.0,
            -3281.985703045131
        ],
        [
            -349.835797135837,
            0.0,
            -3276.878875552518
        ],
        [
            -433.24171088875636,
            0.0,
            -3276.9851800009997
        ],
        [
            -514.9306814960465,
            0.0,
            -3274.256655067531
        ],
        [
            -346.6785107176354,
            0.0,
            -319.94073311568565
        ],
        [
            -338.82695159678383,
            0.0,
            -283.0521981395494
        ],
        [
            -347.69907114744973,
            0.0,
            -274.1038460569291
        ],
        [
            -1571.6577695266858,
            0.0,
            -940.8506353223145
