{
    "timestamp": 1775527228,
    "capture_id": 3,
    "lidar_points": [
        [
            353.9375,
            945.25
        ],
        [
            355.53125,
            917.75
        ],
        [
            357.0,
            894.0
        ],
        [
            358.375,
            874.25
        ],
        [
            359.8125,
            859.0
        ],
        [
            1.28125,
            851.75
        ],
        [
            2.8125,
            846.0
        ],
        [
            4.171875,
            836.0
        ],
        [
            5.703125,
            829.75
        ],
        [
            7.046875,
            825.0
        ],
        [
            8.515625,
            817.0
        ],
        [
            9.96875,
            808.25
        ],
        [
            11.46875,
            800.75
        ],
        [
            12.828125,
            797.0
        ],
        [
            14.4375,
            788.75
        ],
        [
            24.5,
            2968.5
        ],
        [
            25.90625,
            3016.75
        ],
        [
            27.375,
            2999.5
        ],
        [
            30.28125,
            2809.0
        ],
        [
            36.21875,
            2448.25
        ],
        [
            37.6875,
            2383.0
        ],
        [
            39.125,
            2322.5
        ],
        [
            40.578125,
            2266.0
        ],
        [
            42.0625,
            2205.25
        ],
        [
            43.53125,
            2152.5
        ],
        [
            44.96875,
            2105.75
        ],
        [
            46.4375,
            2057.0
        ],
        [
            47.890625,
            2010.0
        ],
        [
            49.328125,
            1976.25
        ],
        [
            50.78125,
            1949.0
        ],
        [
            52.25,
            1906.25
        ],
        [
            53.703125,
            1863.5
        ],
        [
            56.625,
            1818.5
        ],
        [
            58.078125,
            1778.75
        ],
        [
            59.546875,
            1765.25
        ],
        [
            60.984375,
            1758.75
        ],
        [
            62.40625,
            1744.25
        ],
        [
            63.84375,
            1725.75
        ],
        [
            65.328125,
            1709.75
        ],
        [
            66.75,
            1695.0
        ],
        [
            73.96875,
            308.25
        ],
        [
            74.84375,
            312.75
        ],
        [
            80.296875,
            343.75
        ],
        [
            81.359375,
            350.75
        ],
        [
            83.1875,
            357.25
        ],
        [
            84.703125,
            360.75
        ],
        [
            85.84375,
            362.0
        ],
        [
            87.4375,
            362.25
        ],
        [
            88.640625,
            361.75
        ],
        [
            90.203125,
            361.0
        ],
        [
            91.84375,
            360.75
        ],
        [
            103.75,
            278.5
        ],
        [
            104.28125,
            279.0
        ],
        [
            105.9375,
            284.5
        ],
        [
            106.78125,
            290.0
        ],
        [
            108.3125,
            296.0
        ],
        [
            123.203125,
            172.0
        ],
        [
            124.640625,
            168.25
        ],
        [
            126.09375,
            165.5
        ],
        [
            127.515625,
            164.25
        ],
        [
            147.234375,
            229.75
        ],
        [
            152.984375,
            201.0
        ],
        [
            157.296875,
            185.25
        ],
        [
            162.5625,
            505.5
        ],
        [
            164.125,
            500.75
        ],
        [
            165.421875,
            499.0
        ],
        [
            166.828125,
            497.25
        ],
        [
            168.265625,
            495.75
        ],
        [
            169.640625,
            494.25
        ],
        [
            171.171875,
            493.25
        ],
        [
            172.6875,
            492.5
        ],
        [
            174.140625,
            492.5
        ],
        [
            175.53125,
            492.75
        ],
        [
            176.875,
            493.0
        ],
        [
            178.34375,
            493.25
        ],
        [
            179.71875,
            494.5
        ],
        [
            181.421875,
            495.5
        ],
        [
            182.828125,
            497.25
        ],
        [
            184.109375,
            499.75
        ],
        [
            185.578125,
            501.75
        ],
        [
            186.890625,
            504.0
        ],
        [
            188.390625,
            507.0
        ],
        [
            189.765625,
            511.0
        ],
        [
            191.21875,
            514.25
        ],
        [
            192.5625,
            518.0
        ],
        [
            194.203125,
            523.0
        ],
        [
            195.5,
            528.25
        ],
        [
            196.796875,
            533.25
        ],
        [
            198.390625,
            538.75
        ],
        [
            199.75,
            545.5
        ],
        [
            201.015625,
            552.75
        ],
        [
            202.53125,
            560.5
        ],
        [
            204.0625,
            567.25
        ],
        [
            205.375,
            575.0
        ],
        [
            206.828125,
            584.25
        ],
        [
            208.28125,
            594.0
        ],
        [
            209.6875,
            604.75
        ],
        [
            210.90625,
            615.5
        ],
        [
            212.453125,
            626.75
        ],
        [
            213.734375,
            640.0
        ],
        [
            215.203125,
            653.25
        ],
        [
            216.640625,
            667.75
        ],
        [
            217.96875,
            684.25
        ],
        [
            219.40625,
            700.5
        ],
        [
            220.78125,
            718.25
        ],
        [
            222.140625,
            737.75
        ],
        [
            223.484375,
            758.75
        ],
        [
            224.828125,
            780.5
        ],
        [
            227.65625,
            831.75
        ],
        [
            234.671875,
            987.5
        ],
        [
            236.140625,
            986.25
        ],
        [
            237.53125,
            973.75
        ],
        [
            239.078125,
            962.75
        ],
        [
            240.453125,
            952.25
        ],
        [
            241.90625,
            942.5
        ],
        [
            243.375,
            934.5
        ],
        [
            244.859375,
            926.75
        ],
        [
            246.359375,
            919.5
        ],
        [
            247.75,
            910.75
        ],
        [
            249.25,
            902.25
        ],
        [
            250.734375,
            896.5
        ],
        [
            252.03125,
            892.75
        ],
        [
            253.5625,
            889.5
        ],
        [
            255.0,
            885.5
        ],
        [
            256.4375,
            882.75
        ],
        [
            257.859375,
            881.0
        ],
        [
            259.28125,
            879.0
        ],
        [
