{
    "timestamp": 1776227301,
    "capture_id": 39,
    "lidar_points": [
        [
            -109.00235944011283,
            0.0,
            881.7883734981361
        ],
        [
            -87.45800279287445,
            0.0,
            890.4654177717861
        ],
        [
            -67.01678115787209,
            0.0,
            898.5041741935526
        ],
        [
            -45.5928600282899,
            0.0,
            907.8558757393382
        ],
        [
            -23.31134982728827,
            0.0,
            918.9543750748618
        ],
        [
            0.0,
            0.0,
            928.0
        ],
        [
            22.982860511707358,
            0.0,
            936.2179437089953
        ],
        [
            47.74849846336914,
            0.0,
            940.5387516708142
        ],
        [
            70.89276828961654,
            0.0,
            933.3114246617978
        ],
        [
            91.64518477260216,
            0.0,
            920.1976540982897
        ],
        [
            114.72942052920034,
            0.0,
            907.7786955337924
        ],
        [
            135.66302073271729,
            0.0,
            896.0382845089123
        ],
        [
            157.4266953385645,
            0.0,
            884.3471592620054
        ],
        [
            176.77353173981606,
            0.0,
            872.5228827808656
        ],
        [
            196.69857010135047,
            0.0,
            860.5563520305246
        ],
        [
            215.98349854487915,
            0.0,
            845.602560814662
        ],
        [
            232.8959059842337,
            0.0,
            825.7865928772294
        ],
        [
            248.5798619148013,
            0.0,
            801.3295528372945
        ],
        [
            262.6964030190088,
            0.0,
            773.8786483298751
        ],
        [
            886.6991547901806,
            0.0,
            1504.378167680713
        ],
        [
            922.1750490759797,
            0.0,
            1478.47875495785
        ],
        [
            946.6203024813634,
            0.0,
            1356.632988479232
        ],
        [
            978.525122891135,
            0.0,
            1332.2528228046242
        ],
        [
            1028.2592098008815,
            0.0,
            1329.512527191702
        ],
        [
            1079.8036689834485,
            0.0,
            1325.2978104750202
        ],
        [
            1130.5762896780539,
            0.0,
            1319.3572310855786
        ],
        [
            1184.6216902395145,
            0.0,
            1317.8222380177367
        ],
        [
            1241.3522893012282,
            0.0,
            1313.1235638151497
        ],
        [
            1301.2065312443276,
            0.0,
            1311.1804321095951
        ],
        [
            1365.6378293761763,
            0.0,
            1308.7419795271812
        ],
        [
            1428.9399168959662,
            0.0,
            1304.372752092495
        ],
        [
            1499.9852906927595,
            0.0,
            1303.9173201186331
        ],
        [
            1574.330657048623,
            0.0,
            1302.8335397420697
        ],
        [
            1650.3471336213313,
            0.0,
            1297.383868039007
        ],
        [
            1652.1303130440963,
            0.0,
            1169.638188167955
        ],
        [
            1646.9057537444132,
            0.0,
            1104.9805431696732
        ],
        [
            1640.4803848500508,
            0.0,
            1042.5872478705219
        ],
        [
            1639.494582277938,
            0.0,
            983.2830605584994
        ],
        [
            1638.4445976068612,
            0.0,
            926.9873518947768
        ],
        [
            1635.6271725881775,
            0.0,
            870.8230315576205
        ],
        [
            1629.0163868002087,
            0.0,
            816.6398680179608
        ],
        [
            2684.3017279175597,
            0.0,
            889.2099279690952
        ],
        [
            2717.2879581465077,
            0.0,
            827.5182188399135
        ],
        [
            2799.573488089065,
            0.0,
            412.15694497221006
        ],
        [
            374.21727729521905,
            0.0,
            -41.396610655380314
        ],
        [
            365.52008662368,
            0.0,
            -50.55755408064622
        ],
        [
            360.97787472618734,
            0.0,
            -58.89003700257798
        ],
        [
            359.408208320818,
            0.0,
            -69.15012502967355
        ],
        [
            356.8701393733095,
            0.0,
            -77.78988445597963
        ],
        [
            354.930550266398,
            0.0,
            -87.26141465500058
        ],
        [
            355.10710545181144,
            0.0,
            -94.6318849946258
        ],
        [
            151.16631047034227,
            0.0,
            -93.03223408466597
        ],
        [
            148.1824964535704,
            0.0,
            -96.34578477955121
        ],
        [
            143.27239135889812,
            0.0,
            -98.2959021236528
        ],
        [
            138.0836792285302,
            0.0,
            -101.71109836548015
        ],
        [
            134.13448770603324,
            0.0,
            -104.03365661092575
        ],
        [
            131.12434152611556,
            0.0,
            -107.0138755458497
        ],
        [
            127.32011642921142,
            0.0,
            -109.22293922272944
        ],
        [
            120.96492925963206,
            0.0,
            -124.37739299893776
        ],
        [
            1218.3976214610955,
            0.0,
            -1788.408017209145
        ],
        [
            1174.0938012882566,
            0.0,
            -1816.6102349641465
        ],
        [
            569.982298535211,
            0.0,
            -1372.8810689045565
        ],
        [
            532.8725185060352,
            0.0,
            -1378.0613662029116
        ],
        [
            494.0489699996905,
            0.0,
            -1380.7743715909
        ],
        [
            457.7887895179251,
            0.0,
            -1383.2130798223798
        ],
        [
            418.86673084765533,
            0.0,
            -1382.175359456606
        ],
        [
            380.7140418933229,
            0.0,
            -1378.648570450515
        ],
        [
            89.9573207224991,
            0.0,
            -1021.7977994439161
        ],
        [
            9.507198406710152,
            0.0,
            -544.6670319364441
        ],
        [
            -224.52007090455794,
            0.0,
            -3288.0934901947376
        ],
        [
            -306.3197858150841,
            0.0,
            -3284.496879480661
        ],
        [
            -388.91435489455955,
            0.0,
            -3278.261305487552
        ],
        [
            -470.813354691849,
            0.0,
            -3278.617825783269
        ],
        [
            -394.99909189145893,
            0.0,
            -1155.3426839708306
        ],
        [
            -341.76734012875016,
            0.0,
            -326.9924849615342
        ],
        [
            -353.1917762743933,
            0.0,
            -318.3642868981049
        ],
        [
            -341.98734678732285,
            0.0,
            -277.2448685501093
        ],
        [
            -720.9388188574806,
            0.0,
            -481.1473599266453
        ],
        [
            -1568.47573152027,
            0.0,
            -915.2813117462596
        ],
        [
