{
    "timestamp": 1776226952,
    "capture_id": 1,
    "lidar_points": [
        [
            -67.89558643262941,
            0.0,
            584.5703031654699
        ],
        [
            -53.294164135246646,
            0.0,
            590.6003149924028
        ],
        [
            -39.94137577535382,
            0.0,
            596.9151941450075
        ],
        [
            -24.341005977349017,
            0.0,
            602.7587228137065
        ],
        [
            -9.450577303890979,
            0.0,
            607.9265470339515
        ],
        [
            4.0038658015275,
            0.0,
            611.736897333031
        ],
        [
            20.257898589972616,
            0.0,
            608.6629753358737
        ],
        [
            34.08653852248073,
            0.0,
            600.2829919226059
        ],
        [
            50.13549143906781,
            0.0,
            591.6295251237577
        ],
        [
            63.03043281809101,
            0.0,
            584.3605283031736
        ],
        [
            78.04492681008007,
            0.0,
            576.9957122017539
        ],
        [
            91.81649948211897,
            0.0,
            569.6479003936116
        ],
        [
            104.49976562674003,
            0.0,
            562.1190812309758
        ],
        [
            117.13302650019777,
            0.0,
            555.5357023656571
        ],
        [
            131.54646253280268,
            0.0,
            547.9304501440907
        ],
        [
            142.23864834487372,
            0.0,
            540.8592510228732
        ],
        [
            154.86317647738807,
            0.0,
            533.4769409930792
        ],
        [
            168.275893363812,
            0.0,
            525.200412902171
        ],
        [
            178.10092601215328,
            0.0,
            515.8712268130619
        ],
        [
            190.4798618104523,
            0.0,
            502.3494647600125
        ],
        [
            203.45347508255927,
            0.0,
            465.47898285189035
        ],
        [
            215.25557064229412,
            0.0,
            427.3491421630098
        ],
        [
            948.4343761621809,
            0.0,
            1469.2170692630325
        ],
        [
            983.9786812793302,
            0.0,
            1442.6278166206937
        ],
        [
            997.3179833920834,
            0.0,
            1312.2823257602565
        ],
        [
            1031.6430149230798,
            0.0,
            1288.997164372528
        ],
        [
            1081.286391275819,
            0.0,
            1285.7759291733985
        ],
        [
            1131.535616127455,
            0.0,
            1281.078729795738
        ],
        [
            1182.8700531651552,
            0.0,
            1274.7311235413774
        ],
        [
            1236.4846948394572,
            0.0,
            1269.2870437484873
        ],
        [
            1293.735662331196,
            0.0,
            1265.1238224033493
        ],
        [
            1354.3573205693665,
            0.0,
            1259.5104200522385
        ],
        [
            1417.8691208311616,
            0.0,
            1256.4940931789013
        ],
        [
            1484.057516232159,
            0.0,
            1252.1846313602618
        ],
        [
            1552.9449769587006,
            0.0,
            1246.3701139865077
        ],
        [
            1627.0478676629546,
            0.0,
            1242.1450142126855
        ],
        [
            1704.5995801674123,
            0.0,
            1236.3346366550934
        ],
        [
            1702.3417938851837,
            0.0,
            1108.1556656407868
        ],
        [
            1698.9518256289823,
            0.0,
            1046.224286036196
        ],
        [
            1689.759160323532,
            0.0,
            981.7367481166797
        ],
        [
            1680.4660090023656,
            0.0,
            921.9352228262361
        ],
        [
            405.8897746050309,
            0.0,
            161.93360019179843
        ],
        [
            402.65786745401493,
            0.0,
            150.17224869257618
        ],
        [
            404.1024327620363,
            0.0,
            137.17429181812426
        ],
        [
            407.52931144778387,
            0.0,
            129.96123580089252
        ],
        [
            413.8034599299306,
            0.0,
            119.63385411336665
        ],
        [
            421.2993028280768,
            0.0,
            110.30479335267536
        ],
        [
            431.7887126026972,
            0.0,
            103.41425273580697
        ],
        [
            422.62764641607953,
            0.0,
            -79.28349440334524
        ],
        [
            415.2988558565872,
            0.0,
            -89.10343890226457
        ],
        [
            413.8245276419137,
            0.0,
            -98.99247608756437
        ],
        [
            412.7184452014135,
            0.0,
            -112.39905466919134
        ],
        [
            413.30146231314234,
            0.0,
            -120.46639054034209
        ],
        [
            147.85759374492383,
            0.0,
            -109.09717902842887
        ],
        [
            143.13072843128333,
            0.0,
            -111.19872786471173
        ],
        [
            138.77894784802538,
            0.0,
            -113.45028045005024
        ],
        [
            135.19448662215862,
            0.0,
            -116.17019104301659
        ],
        [
            131.37501967748682,
            0.0,
            -118.61536243143192
        ],
        [
            1116.4737868862703,
            0.0,
            -1858.1244160970039
        ],
        [
            2188.3833018762716,
            0.0,
            -4546.490029304926
        ],
        [
            530.871029783663,
            0.0,
            -1398.9067203485847
        ],
        [
            492.84612624245506,
            0.0,
            -1402.6860868875137
        ],
        [
            453.42528053920313,
            0.0,
            -1402.0013427126041
        ],
        [
            414.7771999226331,
            0.0,
            -1401.6679124972293
        ],
        [
            376.5553286197118,
            0.0,
            -1399.2165967026338
        ],
        [
            -8.494638974632068,
            0.0,
            -546.4339768981159
        ],
        [
            -324.5085194485212,
            0.0,
            -3276.4692079745428
        ],
        [
            -407.49678365623475,
            0.0,
            -3274.491782522873
        ],
        [
            -488.0297231971918,
            0.0,
            -3265.483126855209
        ],
        [
            -569.5548167562707,
            0.0,
            -3256.061664144236
        ],
        [
            -466.46873920597636,
            0.0,
            -1157.2756706349558
        ],
        [
            -348.9921555689371,
            0.0,
            -314.0616585184298
        ],
        [
            -342.89279567378975,
            0.0,
            -276.1242350374423
        ],
        [
            -349.4988150881288,
            0.0,
            -266.06604584575217
        ],
        [
            -1593.3792954889777,
            0.0,
            -869.6407207617689
        ],
        [
            -1592.0124609483173,
            0.0,
            -816.0988446170492
        ],
        [
            -1588.5902194016567,
            0.0,
            -765.7110191328032
        ],
        [
            -1584.4807470092408,
            0.0,
            -714.7963520171587
        ],
        [
            -1578.5116340236345,
            0.0,
