{
    "timestamp": 1776227120,
    "capture_id": 13,
    "lidar_points": [
        [
            -63.33329939120452,
            0.0,
            565.4643164588055
        ],
        [
            -50.7406568674913,
            0.0,
            570.9999546765793
        ],
        [
            -36.5446192427977,
            0.0,
            576.8435583452405
        ],
        [
            -22.770611564370522,
            0.0,
            575.5497365553949
        ],
        [
            -8.028187554283715,
            0.0,
            577.1941707125889
        ],
        [
            6.795310974635498,
            0.0,
            579.4601571711019
        ],
        [
            21.09053874539861,
            0.0,
            572.6117263691243
        ],
        [
            32.60792946426813,
            0.0,
            566.061589348768
        ],
        [
            46.49680851810274,
            0.0,
            559.571529652493
        ],
        [
            62.33834629413039,
            0.0,
            552.494281039463
        ],
        [
            75.12786328569948,
            0.0,
            545.3494789198255
        ],
        [
            86.03012855672274,
            0.0,
            538.4202628806922
        ],
        [
            100.57310007442241,
            0.0,
            531.3149857113201
        ],
        [
            111.3102290778939,
            0.0,
            525.0815131030864
        ],
        [
            125.29786061826717,
            0.0,
            517.548737921836
        ],
        [
            137.05461651624321,
            0.0,
            510.93740525781186
        ],
        [
            146.8447859058275,
            0.0,
            504.82637743314456
        ],
        [
            160.1645815876138,
            0.0,
            497.08386546423395
        ],
        [
            170.6134160067519,
            0.0,
            492.00774869762677
        ],
        [
            186.26553006903018,
            0.0,
            455.64812608865543
        ],
        [
            192.89671715594278,
            0.0,
            438.7156471001008
        ],
        [
            198.6224886739948,
            0.0,
            422.93222801407416
        ],
        [
            205.35592761654917,
            0.0,
            407.14241119385565
        ],
        [
            888.1908608454929,
            0.0,
            1378.3675334287811
        ],
        [
            929.3874354474392,
            0.0,
            1368.1940632938122
        ],
        [
            981.8016596767868,
            0.0,
            1366.9508041827646
        ],
        [
            1032.693900139345,
            0.0,
            1365.7757396860543
        ],
        [
            1083.581947479605,
            0.0,
            1363.0120049347718
        ],
        [
            1138.3502701843709,
            0.0,
            1361.9044248298667
        ],
        [
            1194.5697805075497,
            0.0,
            1362.1457712000372
        ],
        [
            429.27576571831264,
            0.0,
            417.042644062878
        ],
        [
            427.83047323616125,
            0.0,
            376.64450901416615
        ],
        [
            1596.0709581740189,
            0.0,
            1044.5639025322814
        ],
        [
            1595.7846965029805,
            0.0,
            988.7056007259645
        ],
        [
            1593.4852168041702,
            0.0,
            930.4581808585307
        ],
        [
            1595.2615057851344,
            0.0,
            879.723701317718
        ],
        [
            515.6167270537982,
            0.0,
            217.20874932269402
        ],
        [
            500.04869552201336,
            0.0,
            179.3818959837719
        ],
        [
            504.1635011312386,
            0.0,
            167.4685840003777
        ],
        [
            515.2950218840765,
            0.0,
            157.23422948419704
        ],
        [
            1591.345602609241,
            0.0,
            -66.87103675158309
        ],
        [
            1588.4768814320046,
            0.0,
            -105.85460384911397
        ],
        [
            1586.8548560015597,
            0.0,
            -145.3750872201607
        ],
        [
            1585.191569589317,
            0.0,
            -185.4283896898138
        ],
        [
            1584.6801223179084,
            0.0,
            -224.4752991544923
        ],
        [
            1581.4367301200873,
            0.0,
            -265.0851158158192
        ],
        [
            1576.7470715445268,
            0.0,
            -303.81200581240944
        ],
        [
            1573.2127607813497,
            0.0,
            -343.3754094496624
        ],
        [
            1571.1123850585773,
            0.0,
            -383.54065757823975
        ],
        [
            1569.316445899646,
            0.0,
            -424.62801971714424
        ],
        [
            160.9609177685166,
            0.0,
            -94.69501281016248
        ],
        [
            157.50028530099036,
            0.0,
            -97.99954147906325
        ],
        [
            152.9582267554504,
            0.0,
            -100.46283326598058
        ],
        [
            148.77434383088325,
            0.0,
            -103.08828555025119
        ],
        [
            144.78609034354474,
            0.0,
            -105.67663196294106
        ],
        [
            141.52462340149097,
            0.0,
            -108.77973603142341
        ],
        [
            1253.2432908198434,
            0.0,
            -1754.9568382199743
        ],
        [
            642.1205662644785,
            0.0,
            -1354.7810675087637
        ],
        [
            604.5524178872568,
            0.0,
            -1361.8430063802036
        ],
        [
            563.6083775564762,
            0.0,
            -1361.7212120137356
        ],
        [
            525.5123457775868,
            0.0,
            -1364.5555455661517
        ],
        [
            489.17519164270385,
            0.0,
            -1369.5074641568492
        ],
        [
            20.79089385896988,
            0.0,
            -3314.6847966635596
        ],
        [
            -59.2935417008271,
            0.0,
            -3293.9663820252586
        ],
        [
            -141.97350133322493,
            0.0,
            -3292.9408626513755
        ],
        [
            -223.5545153395389,
            0.0,
            -3300.4374526221977
        ],
        [
            -306.3284926311929,
            0.0,
            -3304.080192292902
        ],
        [
            -312.5059257214749,
            0.0,
            -1205.6576198859127
        ],
        [
            -335.70691079930106,
            0.0,
            -1176.802843530551
        ],
        [
            -324.1080173925679,
            0.0,
            -344.16065370965765
        ],
        [
            -326.7114679057215,
            0.0,
            -295.4655085435332
        ],
        [
            -1521.6877660153762,
            0.0,
            -1004.7977869995206
        ],
        [
            -1520.2910679512947,
            0.0,
            -950.5598711851409
        ],
        [
            -1522.8111542130448,
            0.0,
            -899.2432588595448
        ],
        [
            -1523.5015321043013,
            0.0,
            -848.2966133233391
        ],
        [
            -1521.7300682686641,
            0.0,
            -799.561504405413
        ],
        [
            -1522.2749900293093,
            0.0,
            -752.2518559174622
        ],
        [
            -1521.5435713225477,
            0.0,
            -703.9583869569473
        ],
        [
            -1519.4503421213174,
            0.0,
