{
    "timestamp": 1776226958,
    "capture_id": 11,
    "lidar_points": [
        [
            -72.58749510353881,
            0.0,
            581.9908122596041
        ],
        [
            -57.422627363110635,
            0.0,
            587.9525528192877
        ],
        [
            -42.87186128140461,
            0.0,
            594.4560568370617
        ],
        [
            -30.661004287160008,
            0.0,
            600.7180310396075
        ],
        [
            -14.400069636597069,
            0.0,
            606.8291670597757
        ],
        [
            30.73746564448465,
            0.0,
            602.2160809923247
        ],
        [
            45.303186931108904,
            0.0,
            594.2757114790112
        ],
        [
            58.90090780654433,
            0.0,
            586.5500260502637
        ],
        [
            73.194862550733,
            0.0,
            579.1429655932801
        ],
        [
            87.69151524180879,
            0.0,
            571.8150471565046
        ],
        [
            101.34652027615223,
            0.0,
            563.9662071684043
        ],
        [
            114.50539941153194,
            0.0,
            556.5937261644309
        ],
        [
            125.2396585573232,
            0.0,
            550.6882878947446
        ],
        [
            139.78473706290006,
            0.0,
            543.5639702778836
        ],
        [
            152.2154209078146,
            0.0,
            535.7979709161438
        ],
        [
            163.19687226322637,
            0.0,
            528.6325220637681
        ],
        [
            176.71134605041308,
            0.0,
            520.5748386899344
        ],
        [
            187.78610340715073,
            0.0,
            508.16281039363645
        ],
        [
            194.67608298539184,
            0.0,
            491.0695319539432
        ],
        [
            201.6337895048542,
            0.0,
            471.44074646758327
        ],
        [
            206.74454292091485,
            0.0,
            453.3318392440818
        ],
        [
            214.4227904970859,
            0.0,
            433.9111278999915
        ],
        [
            884.5928830362981,
            0.0,
            1471.300782906585
        ],
        [
            929.9532602583012,
            0.0,
            1465.01859927953
        ],
        [
            974.091873902744,
            0.0,
            1453.5370940215598
        ],
        [
            1017.0430909560848,
            0.0,
            1292.2861916535721
        ],
        [
            1066.940018966652,
            0.0,
            1289.2793513926454
        ],
        [
            1114.4365002289694,
            0.0,
            1283.4256306687216
        ],
        [
            1165.165118630253,
            0.0,
            1275.7391225588985
        ],
        [
            1216.8908602103454,
            0.0,
            1270.486991998157
        ],
        [
            1272.1518347047281,
            0.0,
            1263.16359667202
        ],
        [
            1334.0158175283127,
            0.0,
            1261.1026370142392
        ],
        [
            1397.1122718975012,
            0.0,
            1257.9655399546534
        ],
        [
            1460.974568407858,
            0.0,
            1251.9302338650798
        ],
        [
            1531.0284635204857,
            0.0,
            1248.8154012463574
        ],
        [
            1603.348183693428,
            0.0,
            1244.2446913075362
        ],
        [
            1678.9445604157002,
            0.0,
            1236.6942732747375
        ],
        [
            1711.8998039691046,
            0.0,
            1195.904312087945
        ],
        [
            1702.9042963235254,
            0.0,
            1127.7957295374363
        ],
        [
            1696.4777155770405,
            0.0,
            1063.9406048039082
        ],
        [
            1690.8053798378598,
            0.0,
            1002.181329656141
        ],
        [
            1683.69916964873,
            0.0,
            942.9168407787488
        ],
        [
            408.2045030519109,
            0.0,
            166.22167785262687
        ],
        [
            403.51746540703414,
            0.0,
            154.264886190873
        ],
        [
            402.7060909979269,
            0.0,
            143.47144061857546
        ],
        [
            406.4467753433192,
            0.0,
            131.69503146670885
        ],
        [
            411.9915007160823,
            0.0,
            123.13814736997763
        ],
        [
            419.51020264851445,
            0.0,
            113.14344821421304
        ],
        [
            5039.006215880996,
            0.0,
            240.66349705072417
        ],
        [
            5031.988938275724,
            0.0,
            -133.14048058630473
        ],
        [
            425.5893336347196,
            0.0,
            -78.39822444644588
        ],
        [
            416.8831167033997,
            0.0,
            -87.66109175489203
        ],
        [
            412.8788842724393,
            0.0,
            -98.64723474049194
        ],
        [
            412.44509294679676,
            0.0,
            -108.58773090965748
        ],
        [
            412.52464675995134,
            0.0,
            -118.65487059357226
        ],
        [
            412.1608348291463,
            0.0,
            -127.73290974898032
        ],
        [
            157.53030462318554,
            0.0,
            -102.60703253347877
        ],
        [
            153.72833587521748,
            0.0,
            -105.59284421321513
        ],
        [
            149.6433749620177,
            0.0,
            -108.34861711151173
        ],
        [
            144.95094386315483,
            0.0,
            -110.47301196754135
        ],
        [
            140.37920695671872,
            0.0,
            -112.66622499313064
        ],
        [
            136.23445462514863,
            0.0,
            -114.94884024203253
        ],
        [
            132.6242051286682,
            0.0,
            -117.59414404632969
        ],
        [
            2237.7996756566718,
            0.0,
            -4547.183371234428
        ],
        [
            505.32020811061835,
            0.0,
            -1396.6456421637672
        ],
        [
            466.6822561672551,
            0.0,
            -1402.3878464171887
        ],
        [
            428.70659127808386,
            0.0,
            -1400.8696079916667
        ],
        [
            390.1846158343407,
            0.0,
            -1398.0730365636152
        ],
        [
            279.1447336059155,
            0.0,
            -1389.4875962742822
        ],
        [
            -16.59329698620136,
            0.0,
            -547.9988366731518
        ],
        [
            -374.84699776454613,
            0.0,
            -3274.112090058449
        ],
        [
            -457.22018092693503,
            0.0,
            -3272.7159907564755
        ],
        [
            -538.5324350425101,
            0.0,
            -3261.84285587261
        ],
        [
            -619.9163488878405,
            0.0,
            -3255.5029903812974
        ],
        [
            -547.1838017008632,
            0.0,
            -1134.4294324267996
        ],
        [
            -348.0490687878146,
            0.0,
            -317.7080550063771
        ],
        [
            -355.9418202732659,
            0.0,
            -311.12374239288476
        ],
        [
            -344.9517073913426,
            0.0,
            -269.5058108238068
        ],
        [
            -1598.7334240736225,
            0.0,
