{
    "timestamp": 1776227121,
    "capture_id": 16,
    "lidar_points": [
        [
            -68.60677245167138,
            0.0,
            563.8413879574331
        ],
        [
            -54.51322098174146,
            0.0,
            569.3964425057429
        ],
        [
            -42.7235445976477,
            0.0,
            574.9147317098535
        ],
        [
            -28.849625379786016,
            0.0,
            580.7839091395749
        ],
        [
            -15.23822394158144,
            0.0,
            588.0525988643416
        ],
        [
            1.2789980778799312,
            0.0,
            586.2486048289725
        ],
        [
            13.97871478227881,
            0.0,
            575.8303530841664
        ],
        [
            29.32715485399298,
            0.0,
            568.4940461325606
        ],
        [
            42.39190120843886,
            0.0,
            562.1538839249747
        ],
        [
            55.62703092504405,
            0.0,
            555.471597771177
        ],
        [
            69.24516118825234,
            0.0,
            547.8915678781824
        ],
        [
            81.80947953702619,
            0.0,
            540.3419834307537
        ],
        [
            95.28158372442014,
            0.0,
            533.5591999047213
        ],
        [
            106.82859879362093,
            0.0,
            527.2870664825675
        ],
        [
            121.40054167043547,
            0.0,
            520.017219409247
        ],
        [
            131.8616371104376,
            0.0,
            513.334694579039
        ],
        [
            142.9133968539616,
            0.0,
            506.7326819928453
        ],
        [
            154.76793309785276,
            0.0,
            500.3608191941277
        ],
        [
            168.19623279513934,
            0.0,
            492.8393143546112
        ],
        [
            177.25632963102638,
            0.0,
            480.0710948450624
        ],
        [
            184.10027070799063,
            0.0,
            462.1832324146394
        ],
        [
            190.183583315705,
            0.0,
            445.34061923116593
        ],
        [
            197.38589135263666,
            0.0,
            428.4703868354558
        ],
        [
            202.77747333760922,
            0.0,
            412.89380754234514
        ],
        [
            883.4148198385692,
            0.0,
            1395.064449618579
        ],
        [
            916.6363750549447,
            0.0,
            1373.4643491645973
        ],
        [
            968.882487775006,
            0.0,
            1370.9370107276684
        ],
        [
            1017.0852518080444,
            0.0,
            1365.9233472470432
        ],
        [
            1067.8138441743322,
            0.0,
            1363.670632590449
        ],
        [
            1124.3754509457426,
            0.0,
            1362.461777559487
        ],
        [
            416.1090053009281,
            0.0,
            429.4849190687284
        ],
        [
            426.2813356731015,
            0.0,
            418.6770507882615
        ],
        [
            428.61159856963235,
            0.0,
            402.5370760210596
        ],
        [
            430.2736079466747,
            0.0,
            382.5606942754983
        ],
        [
            1595.6405205255264,
            0.0,
            1056.1314213946232
        ],
        [
            1596.2088775997206,
            0.0,
            999.8447224803662
        ],
        [
            1599.0609812630587,
            0.0,
            946.6240228844945
        ],
        [
            517.8096913504824,
            0.0,
            253.42725493426755
        ],
        [
            507.7708934873184,
            0.0,
            215.86287829798414
        ],
        [
            496.8997381366843,
            0.0,
            181.47079720906777
        ],
        [
            498.6048471116764,
            0.0,
            169.10191139292832
        ],
        [
            5026.021017247475,
            0.0,
            240.04332252043835
        ],
        [
            1594.1690340145647,
            0.0,
            -58.71672239720273
        ],
        [
            1590.7240315810586,
            0.0,
            -98.16372981148743
        ],
        [
            1585.1948133384901,
            0.0,
            -138.68657564721116
        ],
        [
            1584.34356153682,
            0.0,
            -177.45010993748215
        ],
        [
            1582.2361200910227,
            0.0,
            -216.65147190662356
        ],
        [
            1578.2772247834253,
            0.0,
            -256.59696360231845
        ],
        [
            1577.3171791114676,
            0.0,
            -295.4540217696187
        ],
        [
            1575.2767363209275,
            0.0,
            -336.18263861491573
        ],
        [
            1571.171620224469,
            0.0,
            -375.8456994581909
        ],
        [
            1568.1270763852747,
            0.0,
            -416.5137720500622
        ],
        [
            1567.8566219322638,
            0.0,
            -459.3089108248939
        ],
        [
            153.41363423788266,
            0.0,
            -100.22384611421157
        ],
        [
            149.05491995716753,
            0.0,
            -102.68218363748592
        ],
        [
            145.0450234698896,
            0.0,
            -105.32095549613655
        ],
        [
            142.5855308682272,
            0.0,
            -109.0395175476571
        ],
        [
            1255.343948213773,
            0.0,
            -1752.8398591095124
        ],
        [
            641.7993453708995,
            0.0,
            -1354.1033381103102
        ],
        [
            605.2598831489768,
            0.0,
            -1360.434296043174
        ],
        [
            565.1893091428867,
            0.0,
            -1361.3364921394661
        ],
        [
            527.5528097764488,
            0.0,
            -1364.3040699920873
        ],
        [
            489.17519164270385,
            0.0,
            -1369.5074641568492
        ],
        [
            22.60899724151963,
            0.0,
            -3316.172929107246
        ],
        [
            -60.17812666714217,
            0.0,
            -3293.2002149232944
        ],
        [
            -141.0861862577396,
            0.0,
            -3293.2292283634383
        ],
        [
            -223.5545153395389,
            0.0,
            -3300.4374526221977
        ],
        [
            -306.1207810035517,
            0.0,
            -3301.839800389743
        ],
        [
            -336.7383461752968,
            0.0,
            -1176.768153127508
        ],
        [
            -324.4209289554538,
            0.0,
            -343.17797621012977
        ],
        [
            -326.4696314406398,
            0.0,
            -295.73269982707836
        ],
        [
            -1524.4463459771152,
            0.0,
            -996.5013300227057
        ],
        [
            -1522.6439955762223,
            0.0,
            -941.0925898845859
        ],
        [
            -1525.397926890063,
            0.0,
            -892.3753286255163
        ],
        [
            -1525.426399383946,
            0.0,
            -841.2123988996655
        ],
        [
            -1521.4208658381483,
            0.0,
            -789.893417805402
        ],
        [
            -1519.9054750779633,
            0.0,
            -742.3338850059527
        ],
        [
            -1520.053700615552,
            0.0,
            -695.2330524687143
        ],
        [
            -1519.5249753065877,
            0.0,
            -651.367340230928
