{
    "timestamp": 1776227122,
    "capture_id": 20,
    "lidar_points": [
        [
            -69.65232366024092,
            0.0,
            563.461281996136
        ],
        [
            -55.15840075319352,
            0.0,
            569.5854749959395
        ],
        [
            -42.40997091520826,
            0.0,
            574.937948275265
        ],
        [
            -29.32476839643881,
            0.0,
            580.760112230941
        ],
        [
            -14.282072307935715,
            0.0,
            588.3266715104721
        ],
        [
            0.3197497572661894,
            0.0,
            586.2499128017784
        ],
        [
            14.75746045841824,
            0.0,
            575.5608394086747
        ],
        [
            29.314275119757585,
            0.0,
            568.2443781281106
        ],
        [
            42.832795026308496,
            0.0,
            561.8697372792329
        ],
        [
            57.87285117593266,
            0.0,
            554.9907504605535
        ],
        [
            70.58967949666895,
            0.0,
            547.7199646247684
        ],
        [
            83.87185412141253,
            0.0,
            540.0257050236003
        ],
        [
            94.859113667685,
            0.0,
            532.8726968556198
        ],
        [
            107.59114206416524,
            0.0,
            526.62168218687
        ],
        [
            120.91842673144714,
            0.0,
            519.872865782387
        ],
        [
            132.07926718436448,
            0.0,
            513.0205938167018
        ],
        [
            143.88046518485527,
            0.0,
            506.45894378339267
        ],
        [
            155.31364989345528,
            0.0,
            500.1916959094515
        ],
        [
            167.1671357935652,
            0.0,
            495.56447482701554
        ],
        [
            183.16815042708768,
            0.0,
            460.9397234662248
        ],
        [
            190.71489394802515,
            0.0,
            444.5693328676569
        ],
        [
            196.68454440373273,
            0.0,
            428.79278502873166
        ],
        [
            202.21699520621365,
            0.0,
            412.8902388647256
        ],
        [
            884.8020934657571,
            0.0,
            1393.8888963610455
        ],
        [
            919.5349351157922,
            0.0,
            1372.1273867981777
        ],
        [
            974.042070658031,
            0.0,
            1371.877652922525
        ],
        [
            1022.8343797217874,
            0.0,
            1368.1841594460689
        ],
        [
            1072.177401512993,
            0.0,
            1363.106262249883
        ],
        [
            1126.126865738557,
            0.0,
            1362.312200731482
        ],
        [
            416.7888125450494,
            0.0,
            432.30467929145493
        ],
        [
            428.67508345205607,
            0.0,
            421.9477726299462
        ],
        [
            433.21852469993297,
            0.0,
            403.1002013852307
        ],
        [
            432.5829252258703,
            0.0,
            383.34842219973865
        ],
        [
            715.5796557340825,
            0.0,
            456.4233986108644
        ],
        [
            728.208711428565,
            0.0,
            438.9044714964168
        ],
        [
            740.2034202828806,
            0.0,
            420.3872727634903
        ],
        [
            759.7656474142391,
            0.0,
            408.77099152119644
        ],
        [
            2642.452144052688,
            0.0,
            1006.0829570126674
        ],
        [
            2678.6277696922534,
            0.0,
            944.443399009969
        ],
        [
            2792.5330393779404,
            0.0,
            537.283246046815
        ],
        [
            5026.844777298084,
            0.0,
            227.7182139201247
        ],
        [
            1591.4528897828943,
            0.0,
            -64.26711524313764
        ],
        [
            1588.897432741585,
            0.0,
            -103.27153880523183
        ],
        [
            1585.8456288498517,
            0.0,
            -142.66640795162184
        ],
        [
            1584.251083210693,
            0.0,
            -182.69118163104025
        ],
        [
            1583.0646100133672,
            0.0,
            -221.6048070851024
        ],
        [
            1578.66220080857,
            0.0,
            -261.9651088184117
        ],
        [
            1578.5520332180351,
            0.0,
            -301.0356763295791
        ],
        [
            1576.2158679636914,
            0.0,
            -341.32989918767265
        ],
        [
            1571.1827263824719,
            0.0,
            -382.19607574822476
        ],
        [
            1570.1241813326244,
            0.0,
            -421.63149514066896
        ],
        [
            160.88339173335612,
            0.0,
            -94.82666694749679
        ],
        [
            157.20790050214666,
            0.0,
            -97.99611481945168
        ],
        [
            152.6397383312091,
            0.0,
            -100.49215283881631
        ],
        [
            148.661803463827,
            0.0,
            -103.25051181898557
        ],
        [
            144.64186163845554,
            0.0,
            -105.87395506809919
        ],
        [
            141.3761665278338,
            0.0,
            -108.97260911758612
        ],
        [
            133.6562155764726,
            0.0,
            -119.81763658900758
        ],
        [
            377.46400407736905,
            0.0,
            -459.9412197508285
        ],
        [
            632.8641770400156,
            0.0,
            -1351.40408313704
        ],
        [
            596.4256554605806,
            0.0,
            -1360.5097160654225
        ],
        [
            558.0397978045753,
            0.0,
            -1365.093090805982
        ],
        [
            519.0738957884704,
            0.0,
            -1367.8199043408383
        ],
        [
            482.23986682002123,
            0.0,
            -1370.1098353232153
        ],
        [
            32.11201457970875,
            0.0,
            -547.0583319168373
        ],
        [
            -82.64112345748947,
            0.0,
            -3293.2132495806713
        ],
        [
            -163.49774796059177,
            0.0,
            -3291.441741306052
        ],
        [
            -245.16941268893004,
            0.0,
            -3299.1529248553734
        ],
        [
            -328.0545800416401,
            0.0,
            -3293.9543492607336
        ],
        [
            -329.30365678706386,
            0.0,
            -339.88919389510994
        ],
        [
            -322.79187524983587,
            0.0,
            -300.84375973700105
        ],
        [
            -1523.75826421566,
            0.0,
            -1029.6027157280032
        ],
        [
            -1525.1004376301412,
            0.0,
            -975.6940632905133
        ],
        [
            -1525.7815884990612,
            0.0,
            -923.0228094133327
        ],
        [
            -1523.2952038714748,
            0.0,
            -869.5330481713515
        ],
        [
            -1521.5127178440473,
            0.0,
            -818.6080331506772
        ],
        [
            -1523.9732124828433,
            0.0,
            -772.3198156429254
        ],
        [
            -1524.0450196533309,
            0.0,
            -723.3642084523385
        ],
        [
            -1518.8650905980878,
            0.0,
            -674.753908149084
