{
    "timestamp": 1776227301,
    "capture_id": 40,
    "lidar_points": [
        [
            -112.51343953289576,
            0.0,
            880.5911584977886
        ],
        [
            -91.75102112441468,
            0.0,
            889.2793431327567
        ],
        [
            -71.34720341936496,
            0.0,
            897.16752982051
        ],
        [
            -49.4719102364907,
            0.0,
            906.150528387835
        ],
        [
            -27.24650817312696,
            0.0,
            916.3450170609167
        ],
        [
            -5.297318031413665,
            0.0,
            924.9848314549131
        ],
        [
            17.833318370488065,
            0.0,
            934.0797799202683
        ],
        [
            41.61379012297922,
            0.0,
            941.3306299975586
        ],
        [
            64.7694309313658,
            0.0,
            937.2647282474824
        ],
        [
            87.32226195414681,
            0.0,
            925.3891465579285
        ],
        [
            110.22647787487641,
            0.0,
            912.1138558728835
        ],
        [
            130.29130076799083,
            0.0,
            898.6034592322605
        ],
        [
            151.96130503898593,
            0.0,
            885.8099820338717
        ],
        [
            172.4467917455246,
            0.0,
            875.6816510677129
        ],
        [
            191.81960785264368,
            0.0,
            865.242336310041
        ],
        [
            211.7267992898524,
            0.0,
            854.1497307044442
        ],
        [
            229.51199402267846,
            0.0,
            835.5516109730947
        ],
        [
            244.3394223197124,
            0.0,
            807.8578134179735
        ],
        [
            259.1231549144666,
            0.0,
            780.0892196327119
        ],
        [
            827.5915798421694,
            0.0,
            1507.525203595065
        ],
        [
            873.2854382940723,
            0.0,
            1504.9825724118966
        ],
        [
            919.4322042189891,
            0.0,
            1494.8810728098108
        ],
        [
            965.3845405761817,
            0.0,
            1332.5550415710845
        ],
        [
            1015.2562586392511,
            0.0,
            1329.1015684641372
        ],
        [
            1065.7323812192894,
            0.0,
            1326.392378453926
        ],
        [
            1115.7553812572035,
            0.0,
            1323.0969320860784
        ],
        [
            1167.7027157525126,
            0.0,
            1315.5042256200497
        ],
        [
            1221.954058671139,
            0.0,
            1311.1019567513165
        ],
        [
            1279.980899621405,
            0.0,
            1308.928744853737
        ],
        [
            1344.6737459236742,
            0.0,
            1307.7807842003162
        ],
        [
            1410.6976596376394,
            0.0,
            1308.3226334100038
        ],
        [
            1481.9261473990882,
            0.0,
            1308.2184283042707
        ],
        [
            1555.8631203438501,
            0.0,
            1306.2473734916746
        ],
        [
            1630.1982607539996,
            0.0,
            1301.079049533361
        ],
        [
            1662.4340155994844,
            0.0,
            1261.2845461186678
        ],
        [
            1655.327093615425,
            0.0,
            1190.9797545058059
        ],
        [
            1651.6431495546406,
            0.0,
            1127.8629821610546
        ],
        [
            1645.7793767050894,
            0.0,
            1063.0478849573087
        ],
        [
            1638.8023670048096,
            0.0,
            1001.8020584923119
        ],
        [
            1636.34162229132,
            0.0,
            941.769661412498
        ],
        [
            1634.622064215549,
            0.0,
            886.9502633630013
        ],
        [
            1630.088564228999,
            0.0,
            831.6918135763034
        ],
        [
            1625.4385544057382,
            0.0,
            779.651889211707
        ],
        [
            2713.030152572786,
            0.0,
            848.100018412266
        ],
        [
            5034.322919089475,
            0.0,
            425.23265259199513
        ],
        [
            375.6006156397192,
            0.0,
            -37.820993258558765
        ],
        [
            366.2860481878908,
            0.0,
            -48.62901297474718
        ],
        [
            362.09279510939456,
            0.0,
            -58.2612240676937
        ],
        [
            359.75206392956625,
            0.0,
            -65.96601396489939
        ],
        [
            355.7187481543715,
            0.0,
            -73.58488099797952
        ],
        [
            353.6706245975279,
            0.0,
            -82.87129657966331
        ],
        [
            353.56599410945773,
            0.0,
            -91.64415043738967
        ],
        [
            145.0340140707841,
            0.0,
            -97.48177913084884
        ],
        [
            139.8864913468353,
            0.0,
            -100.93571983530792
        ],
        [
            135.94552229550362,
            0.0,
            -103.31687891047973
        ],
        [
            132.36383879826195,
            0.0,
            -105.87759054015027
        ],
        [
            128.57759291733984,
            0.0,
            -108.12863912758193
        ],
        [
            1190.158636994998,
            0.0,
            -1801.3337888315448
        ],
        [
            547.4946565318301,
            0.0,
            -1373.3942809947525
        ],
        [
            509.80362253138446,
            0.0,
            -1376.1019280757794
        ],
        [
            473.1743047648092,
            0.0,
            -1379.083056712082
        ],
        [
            435.6462684421736,
            0.0,
            -1383.0084341002441
        ],
        [
            398.4198524642573,
            0.0,
            -1380.9233083927431
        ],
        [
            360.1729491671337,
            0.0,
            -1377.1810689550773
        ],
        [
            2.216084731212836,
            0.0,
            -541.7454674184769
        ],
        [
            -267.62182718371747,
            0.0,
            -3285.869613985748
        ],
        [
            -348.5501479820597,
            0.0,
            -3281.7926285555714
        ],
        [
            -431.78064386392975,
            0.0,
            -3279.699601424565
        ],
        [
            -513.4157067911505,
            0.0,
            -3276.2659193844665
        ],
        [
            -344.57007745837575,
            0.0,
            -321.8442351826873
        ],
        [
            -340.32857598430917,
            0.0,
            -282.42082584061023
        ],
        [
            -346.9791529222299,
            0.0,
            -274.6119397210759
        ],
        [
            -1571.5307032950554,
            0.0,
            -942.5218822928988
        ],
        [
            -1569.226696061496,
            0.0,
            -888.3907579820495
        ],
        [
            -1566.5280100266184,
            0.0,
            -836.2284713533991
        ],
        [
            -1563.3389234406598,
            0.0,
            -785.3162805235855
        ],
        [
            -1561.290306128808,
            0.0,
            -735.8318965553299
        ],
        [
            -1558.4425404483484,
            0.0,
            -687.2535271796704
        ],
        [
            -1555.5405041459478,
            0.0,
            -639.8575935013746
