{
    "timestamp": 1775891943,
    "capture_id": 0,
    "lidar_points": [
        [
            -87.15479843528166,
            0.0,
            840.2419911011979
        ],
        [
            -66.29793589002881,
            0.0,
            842.3951470044931
        ],
        [
            -45.59106390972662,
            0.0,
            843.5188304902144
        ],
        [
            0.21905245379493313,
            0.0,
            803.2499701313549
        ],
        [
            18.71771819320404,
            0.0,
            788.7779453215206
        ],
        [
            37.77508437750776,
            0.0,
            777.5829814240228
        ],
        [
            56.88244549443164,
            0.0,
            762.6315951326519
        ],
        [
            75.00805647797029,
            0.0,
            749.0035740658369
        ],
        [
            92.46555550044872,
            0.0,
            743.0186293397988
        ],
        [
            111.35804475348684,
            0.0,
            728.7914299500787
        ],
        [
            139.8102401995821,
            0.0,
            680.5370373722029
        ],
        [
            155.05798344278958,
            0.0,
            667.4762799310965
        ],
        [
            181.19257575725294,
            0.0,
            635.1610035970817
        ],
        [
            202.41337491349168,
            0.0,
            586.2924936890547
        ],
        [
            215.36010917085753,
            0.0,
            577.927837950307
        ],
        [
            234.41701602085226,
            0.0,
            539.5245361425924
        ],
        [
            244.06204615525394,
            0.0,
            523.3927470136654
        ],
        [
            252.4139840800113,
            0.0,
            509.39123533965113
        ],
        [
            249.4559810045489,
            0.0,
            310.12209457092564
        ],
        [
            254.49753848103117,
            0.0,
            295.84804445372976
        ],
        [
            257.35863185189646,
            0.0,
            285.6690123400156
        ],
        [
            261.7141705315112,
            0.0,
            276.5434060739888
        ],
        [
            266.64147261653903,
            0.0,
            267.2238295528366
        ],
        [
            271.55249219783286,
            0.0,
            258.2572486516999
        ],
        [
            276.0234848919748,
            0.0,
            249.7620833675315
        ],
        [
            281.73041025481143,
            0.0,
            240.62050190633303
        ],
        [
            286.06896289282395,
            0.0,
            233.07841699613482
        ],
        [
            289.8405861705756,
            0.0,
            225.93955963552983
        ],
        [
            293.6763965645825,
            0.0,
            218.42658744036197
        ],
        [
            299.2414265259311,
            0.0,
            208.55965849302157
        ],
        [
            303.21642121134994,
            0.0,
            200.93248718856097
        ],
        [
            307.8958847437134,
            0.0,
            192.7451339408753
        ],
        [
            312.217309198744,
            0.0,
            185.17384220428087
        ],
        [
            316.54619388348243,
            0.0,
            178.18268613386866
        ],
        [
            322.0788080499906,
            0.0,
            170.12731675159438
        ],
        [
            327.4122603718418,
            0.0,
            163.5763178403319
        ],
        [
            333.5062970203141,
            0.0,
            154.96326128408
        ],
        [
            338.7870475770781,
            0.0,
            148.73915555093964
        ],
        [
            345.41877425595214,
            0.0,
            142.0849055723921
        ],
        [
            353.33481273109453,
            0.0,
            134.30752068399732
        ],
        [
            361.816118595165,
            0.0,
            127.12728395088723
        ],
        [
            590.1633227221529,
            0.0,
            67.40365356231067
        ],
        [
            533.4829562361027,
            0.0,
            16.881880984906644
        ],
        [
            530.4886375728206,
            0.0,
            3.472089591680213
        ],
        [
            531.9357286547075,
            0.0,
            -8.269255140904443
        ],
        [
            537.2758422873139,
            0.0,
            -22.5772406298313
        ],
        [
            667.4808706262713,
            0.0,
            -139.97602418984036
        ],
        [
            696.0939891452659,
            0.0,
            -181.03513685423155
        ],
        [
            664.2638561961401,
            0.0,
            -209.44158935472623
        ],
        [
            623.1592471871617,
            0.0,
            -231.44138598169928
        ],
        [
            610.0255818330771,
            0.0,
            -245.30601197120237
        ],
        [
            601.225567551439,
            0.0,
            -259.27857493909937
        ],
        [
            311.2116899853913,
            0.0,
            -550.0647998340166
        ],
        [
            293.59417319120786,
            0.0,
            -548.9159420787222
        ],
        [
            275.3881326671735,
            0.0,
            -548.2185936158014
        ],
        [
            257.71169262323133,
            0.0,
            -546.8134357212423
        ],
        [
            239.49370816710626,
            0.0,
            -546.310363940104
        ],
        [
            190.08148683385366,
            0.0,
            -542.4081404837426
        ],
        [
            158.23502990529272,
            0.0,
            -543.43138969963
        ],
        [
            142.46990371892372,
            0.0,
            -540.5398473140723
        ],
        [
            128.41595095784277,
            0.0,
            -539.4252436988771
        ],
        [
            114.50736371788095,
            0.0,
            -538.7147911041435
        ],
        [
            101.52726731444514,
            0.0,
            -538.7673676937582
        ],
        [
            85.48192804476079,
            0.0,
            -538.7606982490003
        ],
        [
            3.3530693255751145,
            0.0,
            -878.2435991375615
        ],
        [
            -19.231836035009447,
            0.0,
            -892.5428275341876
        ],
        [
            -1392.608370645316,
            0.0,
            -8091.282159738876
        ],
        [
            -1606.1003363029079,
            0.0,
            -8120.697365973423
        ],
        [
            -103.29763906232473,
            0.0,
            -281.6551042749797
        ],
        [
            -113.1401097125083,
            0.0,
            -277.8476481351634
        ],
        [
            -116.90398542738677,
            0.0,
            -278.997684920849
        ],
        [
            -127.14348109439062,
            0.0,
            -277.7855021688503
        ],
        [
            -134.10213295937808,
            0.0,
            -277.82884647880843
        ],
        [
            -141.1899798315264,
            0.0,
            -278.2254294545579
        ],
        [
            -149.66821201182753,
            0.0,
            -277.45628270627185
        ],
        [
            -159.82646500365138,
            0.0,
            -275.78445131014297
        ],
        [
            -168.73069528774946,
            0.0,
            -274.8385025205032
        ],
        [
            -176.37333010793574,
            0.0,
            -275.356947300476
        ],
        [
            -187.21655940160775,
            0.0,
            -274.48136983377265
