{
    "timestamp": 1776227123,
    "capture_id": 23,
    "lidar_points": [
        [
            -67.9916762132189,
            0.0,
            563.9158908611432
        ],
        [
            -54.07098851567577,
            0.0,
            569.6897319602467
        ],
        [
            -40.249485350360494,
            0.0,
            575.5944569999185
        ],
        [
            -26.31521092896536,
            0.0,
            580.9042603336319
        ],
        [
            -11.789580615936572,
            0.0,
            584.1310369162901
        ],
        [
            1.1100560008442553,
            0.0,
            581.4989404768293
        ],
        [
            15.992243855327724,
            0.0,
            574.7775640510612
        ],
        [
            31.779453049726154,
            0.0,
            567.861452172852
        ],
        [
            44.76480241233113,
            0.0,
            560.966732493991
        ],
        [
            58.22235404008298,
            0.0,
            553.9486957201282
        ],
        [
            70.61095188962683,
            0.0,
            546.7089316750191
        ],
        [
            83.20653121864902,
            0.0,
            539.6227137200212
        ],
        [
            96.06578658138532,
            0.0,
            532.9105127960038
        ],
        [
            109.92905665493684,
            0.0,
            525.6278174744518
        ],
        [
            121.73931615007498,
            0.0,
            518.9109161535457
        ],
        [
            132.4989369273853,
            0.0,
            512.9123650421316
        ],
        [
            144.50142207438756,
            0.0,
            506.54210241447817
        ],
        [
            156.32987230746988,
            0.0,
            499.6130713105194
        ],
        [
            170.75886577770157,
            0.0,
            498.56836016569775
        ],
        [
            185.80487033429236,
            0.0,
            459.88319186512655
        ],
        [
            193.03698252863697,
            0.0,
            443.2933265640694
        ],
        [
            197.77178661301662,
            0.0,
            427.46616289467335
        ],
        [
            204.9173271305797,
            0.0,
            410.1598944822116
        ],
        [
            886.8256762567042,
            0.0,
            1387.8577808737605
        ],
        [
            922.3866333776921,
            0.0,
            1369.9106352482147
        ],
        [
            974.3783481266063,
            0.0,
            1369.184824887446
        ],
        [
            1024.0991469785208,
            0.0,
            1365.9881037761152
        ],
        [
            1072.7660347535805,
            0.0,
            1362.3248638555635
        ],
        [
            1127.6642933335256,
            0.0,
            1360.3904739230572
        ],
        [
            1185.3006397237957,
            0.0,
            1361.281526162153
        ],
        [
            1248.9633325509812,
            0.0,
            1363.7507677149615
        ],
        [
            1311.1480180957067,
            0.0,
            1363.6747915627466
        ],
        [
            1374.0311554871514,
            0.0,
            1362.0924881411847
        ],
        [
            518.1981239017666,
            0.0,
            441.85031898221973
        ],
        [
            521.2768122976692,
            0.0,
            423.29981686835225
        ],
        [
            521.151358965348,
            0.0,
            401.7029512569842
        ],
        [
            532.5501325894857,
            0.0,
            390.705267790084
        ],
        [
            756.2223756425565,
            0.0,
            428.1223173084162
        ],
        [
            760.8760545669253,
            0.0,
            407.23043794229
        ],
        [
            2649.0440531190407,
            0.0,
            1002.8069877272717
        ],
        [
            2681.6054479070117,
            0.0,
            939.7417048079943
        ],
        [
            2786.576166585889,
            0.0,
            529.8353685962195
        ],
        [
            1591.4176007997626,
            0.0,
            -65.13510854161196
        ],
        [
            1588.7263281784606,
            0.0,
            -105.87122674544706
        ],
        [
            1587.3527709234304,
            0.0,
            -145.42070224595932
        ],
        [
            1585.4903932545078,
            0.0,
            -185.02506694409402
        ],
        [
            1584.3072228841104,
            0.0,
            -223.54110028636254
        ],
        [
            1581.4783471068613,
            0.0,
            -263.31881841628814
        ],
        [
            1579.2048076741255,
            0.0,
            -302.94582918226257
        ],
        [
            1575.9360906234606,
            0.0,
            -342.6193234049182
        ],
        [
            1570.8695171678587,
            0.0,
            -383.4813685602187
        ],
        [
            1569.3064536289082,
            0.0,
            -423.70686163745245
        ],
        [
            1569.6863017476949,
            0.0,
            -466.359479485133
        ],
        [
            501.21939549938406,
            0.0,
            -194.1271943217437
        ],
        [
            160.4010410609961,
            0.0,
            -94.66027956090473
        ],
        [
            156.94234428351845,
            0.0,
            -97.9494796861809
        ],
        [
            152.584905663591,
            0.0,
            -100.57538995019127
        ],
        [
            148.60546693651503,
            0.0,
            -103.33157889329057
        ],
        [
            144.58409484281043,
            0.0,
            -105.95282921416117
        ],
        [
            141.34644360204706,
            0.0,
            -109.0111594335797
        ],
        [
            133.6235354153362,
            0.0,
            -119.85408121172343
        ],
        [
            377.0875892657503,
            0.0,
            -460.24987780741975
        ],
        [
            634.3379533949037,
            0.0,
            -1350.712931522744
        ],
        [
            597.4379582923837,
            0.0,
            -1359.792428457898
        ],
        [
            559.3388482163491,
            0.0,
            -1364.0209365607288
        ],
        [
            520.4766915544755,
            0.0,
            -1367.0192303140827
        ],
        [
            483.90065537139026,
            0.0,
            -1370.0544353167647
        ],
        [
            34.97800930958409,
            0.0,
            -547.3835847600279
        ],
        [
            -71.83096269755065,
            0.0,
            -3291.966414667371
        ],
        [
            -154.42735914769725,
            0.0,
            -3289.8775723036665
        ],
        [
            -234.8270972116154,
            0.0,
            -3293.639360102312
        ],
        [
            -317.7394377226025,
            0.0,
            -3290.444455117838
        ],
        [
            -377.5301240623721,
            0.0,
            -1190.576333304778
        ],
        [
            -325.4770521520672,
            0.0,
            -341.48609198970394
        ],
        [
            -322.3530604317389,
            0.0,
            -304.23521645314446
        ],
        [
            -330.82499980249696,
            0.0,
            -294.624879305326
        ],
        [
            -1529.3604080282853,
            0.0,
            -1048.0327964121907
        ],
        [
            -1523.3848607688067,
            0.0,
            -989.8884424420784
        ],
        [
            -1522.0095010278185,
            0.0,
