{
    "timestamp": 1776227301,
    "capture_id": 37,
    "lidar_points": [
        [
            -109.48328415409887,
            0.0,
            881.7287907802676
        ],
        [
            -87.72534059495665,
            0.0,
            890.6903303716163
        ],
        [
            -66.07327176485347,
            0.0,
            899.0753988171892
        ],
        [
            -45.617938609163545,
            0.0,
            908.3552464080617
        ],
        [
            -23.067014652549954,
            0.0,
            919.2106194094034
        ],
        [
            0.5058727503017325,
            0.0,
            927.4998620446046
        ],
        [
            22.466230449071084,
            0.0,
            935.9804116483471
        ],
        [
            45.43992756378669,
            0.0,
            940.6531111323652
        ],
        [
            69.62009674114157,
            0.0,
            933.4072220257106
        ],
        [
            91.11864122404182,
            0.0,
            919.9987191412193
        ],
        [
            112.71787752387354,
            0.0,
            907.7787409862125
        ],
        [
            135.86988053196475,
            0.0,
            895.7540820806956
        ],
        [
            156.46192876420923,
            0.0,
            884.5183589657048
        ],
        [
            177.16059394741114,
            0.0,
            873.2096678073374
        ],
        [
            196.1609836927402,
            0.0,
            861.4482680211834
        ],
        [
            215.769207951781,
            0.0,
            846.6892649608008
        ],
        [
            232.19776697439994,
            0.0,
            826.7622146131876
        ],
        [
            247.41324285726367,
            0.0,
            801.4288800379312
        ],
        [
            262.27427864098553,
            0.0,
            774.0218118782898
        ],
        [
            884.6470536166477,
            0.0,
            1505.5858172244398
        ],
        [
            921.4783993848921,
            0.0,
            1481.8578067638803
        ],
        [
            943.6583379920269,
            0.0,
            1358.694963425612
        ],
        [
            976.5478842724563,
            0.0,
            1331.8432639477473
        ],
        [
            1027.5339202994292,
            0.0,
            1330.0731578127895
        ],
        [
            1076.5947722498627,
            0.0,
            1327.2621053749203
        ],
        [
            1128.5783459857767,
            0.0,
            1321.3954667214537
        ],
        [
            1181.1803323874026,
            0.0,
            1316.8804130904161
        ],
        [
            1236.6303651484639,
            0.0,
            1312.4236749208605
        ],
        [
            1298.173894660484,
            0.0,
            1313.1286263051425
        ],
        [
            1362.0560177252692,
            0.0,
            1310.3066070879674
        ],
        [
            1426.606792362578,
            0.0,
            1305.8135624908161
        ],
        [
            1497.6613451887522,
            0.0,
            1306.2055954662792
        ],
        [
            1571.6197705910506,
            0.0,
            1304.9286797320894
        ],
        [
            1648.025798923153,
            0.0,
            1299.9276772512014
        ],
        [
            1658.4526970995737,
            0.0,
            1178.8732815630142
        ],
        [
            1653.5978512669185,
            0.0,
            1113.3985792542712
        ],
        [
            1645.0350150580337,
            0.0,
            1048.00288608048
        ],
        [
            1639.1136128706682,
            0.0,
            987.3139389789172
        ],
        [
            1636.0560766663612,
            0.0,
            929.1731614737232
        ],
        [
            1632.3280834598481,
            0.0,
            875.9345169293757
        ],
        [
            1629.0178193053212,
            0.0,
            819.9786624575888
        ],
        [
            2679.9770782803075,
            0.0,
            895.0827391320576
        ],
        [
            2717.149102426129,
            0.0,
            833.9579232100868
        ],
        [
            373.75400627156955,
            0.0,
            -41.03587206276433
        ],
        [
            358.7622798147559,
            0.0,
            -56.92265877591076
        ],
        [
            359.01103986179936,
            0.0,
            -68.56619617092298
        ],
        [
            356.296659323256,
            0.0,
            -78.07210164385006
        ],
        [
            354.9846124307838,
            0.0,
            -84.9171651514947
        ],
        [
            354.21791894927776,
            0.0,
            -94.08462092841158
        ],
        [
            144.11344788945837,
            0.0,
            -97.95088890567747
        ],
        [
            138.93002811207643,
            0.0,
            -101.40240277615544
        ],
        [
            134.78535562046758,
            0.0,
            -103.59974860135563
        ],
        [
            131.59002795365595,
            0.0,
            -106.44072079404594
        ],
        [
            128.17638841362995,
            0.0,
            -108.99025623072124
        ],
        [
            121.88260824160096,
            0.0,
            -118.15114179822565
        ],
        [
            1177.388409217272,
            0.0,
            -1807.6183491934412
        ],
        [
            575.5506144330989,
            0.0,
            -1367.3016273762285
        ],
        [
            537.2390939367125,
            0.0,
            -1371.5331406663347
        ],
        [
            500.6500971229327,
            0.0,
            -1377.8626492690764
        ],
        [
            462.5102319342877,
            0.0,
            -1379.7959442816505
        ],
        [
            426.16215100106996,
            0.0,
            -1381.7748807436546
        ],
        [
            387.0932136174179,
            0.0,
            -1379.7274527859986
        ],
        [
            -0.2962968966052758,
            0.0,
            -543.2499191975542
        ],
        [
            -207.51153059109333,
            0.0,
            -3289.7116936247985
        ],
        [
            -289.51165061229915,
            0.0,
            -3278.240992385969
        ],
        [
            -369.2089466664945,
            0.0,
            -3272.2368119837256
        ],
        [
            -453.34104470097736,
            0.0,
            -3270.9840965204075
        ],
        [
            -536.7498624853159,
            0.0,
            -3278.8573978021664
        ],
        [
            -366.2158267832702,
            0.0,
            -1651.8928440469272
        ],
        [
            -1666.3142720130031,
            0.0,
            -2257.03943184114
        ],
        [
            -348.9499028527341,
            0.0,
            -317.83323504483826
        ],
        [
            -340.85680960091213,
            0.0,
            -279.4229730152615
        ],
        [
            -1571.611588645343,
            0.0,
            -925.7499740403242
        ],
        [
            -1566.8257784192494,
            0.0,
            -870.1821893034314
        ],
        [
            -1566.2325789305353,
            0.0,
            -818.5890734651936
        ],
        [
            -1567.1866867449435,
            0.0,
            -769.1351970813753
        ],
        [
            -1561.067254633682,
            0.0,
            -719.145735585256
        ],
        [
            -1555.7432165846224,
            0.0,
            -668.4000348226602
        ],
        [
            -1554.2120013796828,
            0.0,
