{
    "timestamp": 1776227122,
    "capture_id": 21,
    "lidar_points": [
        [
            -69.19131971827234,
            0.0,
            563.5180775943606
        ],
        [
            -55.313729042564624,
            0.0,
            569.5704116958725
        ],
        [
            -43.35065374131278,
            0.0,
            574.8677855126349
        ],
        [
            -28.37446305334767,
            0.0,
            580.8073173148167
        ],
        [
            -15.405134079183581,
            0.0,
            588.2983357481154
        ],
        [
            0.7993741850937626,
            0.0,
            586.2494550111857
        ],
        [
            15.69919950434771,
            0.0,
            575.5359221064509
        ],
        [
            28.539425034209938,
            0.0,
            568.2838210073526
        ],
        [
            43.90529974035974,
            0.0,
            561.7869477432785
        ],
        [
            55.75353105352288,
            0.0,
            555.2076582460511
        ],
        [
            70.14155357472534,
            0.0,
            547.7775323633892
        ],
        [
            84.31363350013237,
            0.0,
            539.9569068046128
        ],
        [
            96.06578658138532,
            0.0,
            532.9105127960038
        ],
        [
            107.92146183317527,
            0.0,
            526.0436845698183
        ],
        [
            121.23003529168487,
            0.0,
            519.2868581460317
        ],
        [
            133.33801007789947,
            0.0,
            512.6948776499196
        ],
        [
            144.84700920040353,
            0.0,
            506.1833599849942
        ],
        [
            157.2833251927433,
            0.0,
            499.3137346561917
        ],
        [
            169.11201907146622,
            0.0,
            494.6399574494281
        ],
        [
            184.42448586145665,
            0.0,
            460.4384964517383
        ],
        [
            190.73750101308073,
            0.0,
            444.2875822114377
        ],
        [
            196.6971788729324,
            0.0,
            428.5119249489209
        ],
        [
            203.90569915846226,
            0.0,
            411.7799361924992
        ],
        [
            885.0031034114131,
            0.0,
            1391.6878491429634
        ],
        [
            919.9524627085494,
            0.0,
            1372.750420271826
        ],
        [
            974.5609429746997,
            0.0,
            1371.8157787867378
        ],
        [
            1022.6084761081373,
            0.0,
            1367.1044097258239
        ],
        [
            1072.5490912074126,
            0.0,
            1362.8138205382836
        ],
        [
            1127.8787879334288,
            0.0,
            1362.16066957236
        ],
        [
            423.18641657332086,
            0.0,
            436.55155116873857
        ],
        [
            429.19845777852873,
            0.0,
            421.7721497924353
        ],
        [
            433.5481652621503,
            0.0,
            402.7456404454594
        ],
        [
            434.25102864849976,
            0.0,
            383.3491967093708
        ],
        [
            731.347394142846,
            0.0,
            465.6393336912901
        ],
        [
            742.4919473476383,
            0.0,
            446.68552486499044
        ],
        [
            754.7845933161242,
            0.0,
            428.1241411000003
        ],
        [
            761.4239130214266,
            0.0,
            408.3253906863238
        ],
        [
            2648.73047240377,
            0.0,
            1004.3403044086714
        ],
        [
            2681.564273634475,
            0.0,
            941.3697713264496
        ],
        [
            2785.4050787636047,
            0.0,
            531.9742566120245
        ],
        [
            1595.323734267524,
            0.0,
            -67.47403487803666
        ],
        [
            1590.0178176292266,
            0.0,
            -109.00643156067457
        ],
        [
            1587.6508608906051,
            0.0,
            -147.63127688034191
        ],
        [
            1585.5867804591871,
            0.0,
            -186.35131239964184
        ],
        [
            1583.8776068049694,
            0.0,
            -226.5650605494203
        ],
        [
            1581.0738063439435,
            0.0,
            -267.24121855184364
        ],
        [
            1575.835123974044,
            0.0,
            -307.20337245822833
        ],
        [
            1574.3181986287175,
            0.0,
            -347.66689800213896
        ],
        [
            1571.7595364431966,
            0.0,
            -388.24342827647166
        ],
        [
            1566.5813997562138,
            0.0,
            -428.01719350729525
        ],
        [
            1567.9630021438809,
            0.0,
            -468.64087946736817
        ],
        [
            160.7539424041191,
            0.0,
            -95.04594942201989
        ],
        [
            156.83540462337277,
            0.0,
            -98.12061891683594
        ],
        [
            152.29394971088905,
            0.0,
            -100.56243275427059
        ],
        [
            148.08246055635522,
            0.0,
            -103.207726821084
        ],
        [
            144.29583351614323,
            0.0,
            -105.92314397657142
        ],
        [
            141.2274468023919,
            0.0,
            -109.16527959785365
        ],
        [
            133.49271541996825,
            0.0,
            -119.99977054062799
        ],
        [
            380.3439063992157,
            0.0,
            -467.596060040057
        ],
        [
            372.03076714274545,
            0.0,
            -479.9434037458795
        ],
        [
            630.8607569913125,
            0.0,
            -1350.9610302626602
        ],
        [
            594.34046657976,
            0.0,
            -1359.7850601421362
        ],
        [
            556.0836392369787,
            0.0,
            -1365.6211905843281
        ],
        [
            518.7008614773226,
            0.0,
            -1367.9614089230308
        ],
        [
            479.9973852940842,
            0.0,
            -1370.8970640098557
        ],
        [
            32.41038382274553,
            0.0,
            -547.0407361618167
        ],
        [
            -84.4436881984521,
            0.0,
            -3293.417603876472
        ],
        [
            -165.0922978912157,
            0.0,
            -3287.3571122068556
        ],
        [
            -247.51255290488825,
            0.0,
            -3294.2145932155827
        ],
        [
            -330.6993716924677,
            0.0,
            -3293.1873599997625
        ],
        [
            -328.43386371578265,
            0.0,
            -338.9914411378593
        ],
        [
            -323.7746539733203,
            0.0,
            -299.78581678334393
        ],
        [
            -332.50889925929613,
            0.0,
            -294.98827419640133
        ],
        [
            -1524.2725535435009,
            0.0,
            -1034.193977217995
        ],
        [
            -1522.4908732187914,
            0.0,
            -979.2990367939112
        ],
        [
            -1523.803144353302,
            0.0,
            -925.8039626502951
        ],
        [
            -1523.975025152176,
            0.0,
            -874.8872414273882
        ],
        [
            -1525.210181157034,
            0.0,
            -825.9686151997103
        ],
        [
            -1525.4031694104856,
            0.0,
