{
    "timestamp": 1776227300,
    "capture_id": 33,
    "lidar_points": [
        [
            -106.68723314311161,
            0.0,
            882.8269347863528
        ],
        [
            -85.82987138186103,
            0.0,
            891.3772956378085
        ],
        [
            -64.14719614926616,
            0.0,
            899.7161425839749
        ],
        [
            -40.955735041304244,
            0.0,
            909.5784066078231
        ],
        [
            -20.565763929320692,
            0.0,
            919.5200442915877
        ],
        [
            2.024034911305938,
            0.0,
            927.7477921195382
        ],
        [
            25.04535653020941,
            0.0,
            936.915307066906
        ],
        [
            49.773880139393555,
            0.0,
            939.9330419534517
        ],
        [
            71.26830318031743,
            0.0,
            931.527719105448
        ],
        [
            95.30540994920543,
            0.0,
            918.8204075522125
        ],
        [
            116.08760519203071,
            0.0,
            906.5978534724088
        ],
        [
            138.0450033370413,
            0.0,
            893.6507368953916
        ],
        [
            158.76030856598123,
            0.0,
            882.0766559228481
        ],
        [
            178.80014165862355,
            0.0,
            870.3233648149727
        ],
        [
            198.64118601635343,
            0.0,
            859.3402581155013
        ],
        [
            219.08476313936833,
            0.0,
            844.2878235887136
        ],
        [
            234.97921001175587,
            0.0,
            822.8565083671947
        ],
        [
            249.72465275476924,
            0.0,
            798.0925136264028
        ],
        [
            262.73423667437476,
            0.0,
            771.2251833149211
        ],
        [
            891.6354536894302,
            0.0,
            1505.2363494561391
        ],
        [
            926.8718951904217,
            0.0,
            1476.1292253411
        ],
        [
            949.311098585927,
            0.0,
            1352.6140203700318
        ],
        [
            984.3979473694424,
            0.0,
            1334.1381792058978
        ],
        [
            1033.2069693969459,
            0.0,
            1329.1559759447266
        ],
        [
            1082.1289651295588,
            0.0,
            1323.7227675490176
        ],
        [
            1133.615074402143,
            0.0,
            1317.0770385927408
        ],
        [
            1186.96770691651,
            0.0,
            1315.3728464725743
        ],
        [
            1243.6712591963403,
            0.0,
            1311.2720394902767
        ],
        [
            1303.7029836073661,
            0.0,
            1309.403907521759
        ],
        [
            1372.1118517336329,
            0.0,
            1309.9305578282008
        ],
        [
            1437.557379714849,
            0.0,
            1308.649983772352
        ],
        [
            1508.308433381299,
            0.0,
            1305.3862387396505
        ],
        [
            1582.957735161241,
            0.0,
            1304.1647935338515
        ],
        [
            1660.181405540864,
            0.0,
            1301.4560886546888
        ],
        [
            1649.4564629444646,
            0.0,
            1163.0246942136423
        ],
        [
            1644.8547605375102,
            0.0,
            1099.0568134710281
        ],
        [
            1640.7776466982702,
            0.0,
            1038.3842143423053
        ],
        [
            1639.2744215068512,
            0.0,
            978.2946238191122
        ],
        [
            1634.6138980125638,
            0.0,
            919.5312144914777
        ],
        [
            1633.0895145332133,
            0.0,
            865.4748407791374
        ],
        [
            1630.126756663443,
            0.0,
            813.8616327177019
        ],
        [
            2697.63020160114,
            0.0,
            887.9140135223637
        ],
        [
            2719.326168847757,
            0.0,
            821.660361657894
        ],
        [
            2798.981534772732,
            0.0,
            405.83300814655286
        ],
        [
            374.3048793595875,
            0.0,
            -42.85346879313999
        ],
        [
            367.31870811008446,
            0.0,
            -52.13412195806655
        ],
        [
            362.276376079866,
            0.0,
            -61.74202243561086
        ],
        [
            360.6708213735751,
            0.0,
            -67.86426607361678
        ],
        [
            357.47490885586205,
            0.0,
            -78.53463909952819
        ],
        [
            355.38656906270194,
            0.0,
            -86.44911237162226
        ],
        [
            354.6948115022165,
            0.0,
            -97.11669883911378
        ],
        [
            151.0901480705832,
            0.0,
            -93.15587558500667
        ],
        [
            147.92040695174643,
            0.0,
            -96.29020306983325
        ],
        [
            142.98589372591974,
            0.0,
            -98.27148210645846
        ],
        [
            138.02818389434697,
            0.0,
            -101.7863961972735
        ],
        [
            134.07772620029738,
            0.0,
            -104.10680014753162
        ],
        [
            131.06595501090993,
            0.0,
            -107.08537685920584
        ],
        [
            127.26052562257243,
            0.0,
            -109.29236532469496
        ],
        [
            120.89707392633137,
            0.0,
            -124.44335063012072
        ],
        [
            1216.7934874821733,
            0.0,
            -1789.1974936604875
        ],
        [
            1171.9760158880447,
            0.0,
            -1817.6797794669956
        ],
        [
            570.0781583230576,
            0.0,
            -1373.1119604398582
        ],
        [
            531.5487903045346,
            0.0,
            -1379.1083654034537
        ],
        [
            494.8019920721238,
            0.0,
            -1380.5047043170327
        ],
        [
            457.0342957611848,
            0.0,
            -1383.4625591240545
        ],
        [
            417.43100740626284,
            0.0,
            -1382.87078357155
        ],
        [
            379.2099433846342,
            0.0,
            -1379.0630447293636
        ],
        [
            9.660164210494642,
            0.0,
            -544.914379721646
        ],
        [
            -224.48600884419162,
            0.0,
            -3287.5946517679463
        ],
        [
            -306.296570977205,
            0.0,
            -3284.2479596716817
        ],
        [
            -388.79654668406516,
            0.0,
            -3277.2682691208765
        ],
        [
            -470.7067473958964,
            0.0,
            -3277.8754411899145
        ],
        [
            -395.9441721175699,
            0.0,
            -1155.0191394804383
        ],
        [
            -341.675815532059,
            0.0,
            -326.72649047866076
        ],
        [
            -351.79929229428643,
            0.0,
            -319.9023412562641
        ],
        [
            -342.51597101177555,
            0.0,
            -276.59152572315105
        ],
        [
            -722.2482623180708,
            0.0,
            -479.17951759077425
        ],
        [
            -1568.0584557997825,
            0.0,
            -911.0295984186251
        ],
        [
            -1565.584332009794,
            0.0,
            -860.0202101494167
