{
    "timestamp": 1776227307,
    "capture_id": 41,
    "lidar_points": [
        [
            -122.14308467818098,
            0.0,
            876.0258654088352
        ],
        [
            -102.94981205874436,
            0.0,
            884.2773313260208
        ],
        [
            -80.34925503571486,
            0.0,
            893.1430790837522
        ],
        [
            -58.9109922080759,
            0.0,
            902.5794951122367
        ],
        [
            -37.58567660965825,
            0.0,
            912.2260229317043
        ],
        [
            -15.320284430899429,
            0.0,
            920.8725692977049
        ],
        [
            5.837883538497879,
            0.0,
            930.7316915286547
        ],
        [
            29.179794879280074,
            0.0,
            938.296382850751
        ],
        [
            52.79338357611627,
            0.0,
            938.7667021952713
        ],
        [
            76.36834377791295,
            0.0,
            931.374321134429
        ],
        [
            97.362407752117,
            0.0,
            919.1075149604155
        ],
        [
            120.43753206485118,
            0.0,
            905.2736400504148
        ],
        [
            140.6473247872066,
            0.0,
            892.7387033898564
        ],
        [
            160.68432195563625,
            0.0,
            881.7281957483596
        ],
        [
            180.46122202129732,
            0.0,
            869.9804580256847
        ],
        [
            202.15474479356928,
            0.0,
            858.5205059621155
        ],
        [
            221.87344197011492,
            0.0,
            853.1204051881153
        ],
        [
            251.15602207939787,
            0.0,
            795.8083328121496
        ],
        [
            264.9779884329223,
            0.0,
            768.870748660685
        ],
        [
            894.9641325452333,
            0.0,
            1506.1683841647846
        ],
        [
            928.2013155793925,
            0.0,
            1478.2464502770454
        ],
        [
            947.7313070451637,
            0.0,
            1350.3630741939241
        ],
        [
            987.0418874948676,
            0.0,
            1334.6716121692891
        ],
        [
            1034.6994529073806,
            0.0,
            1329.5787320249851
        ],
        [
            1083.9591255743683,
            0.0,
            1324.4866417159712
        ],
        [
            1134.6552740863501,
            0.0,
            1320.469010991182
        ],
        [
            1189.7198164949614,
            0.0,
            1316.2559860221702
        ],
        [
            1244.2141240396325,
            0.0,
            1310.4122303841223
        ],
        [
            1304.2404714964487,
            0.0,
            1308.5155874160312
        ],
        [
            1371.5779237606057,
            0.0,
            1310.8514643362712
        ],
        [
            1438.6408493506626,
            0.0,
            1308.2021084601586
        ],
        [
            545.0792875614783,
            0.0,
            427.54079661649985
        ],
        [
            550.1489799718494,
            0.0,
            411.04946458538745
        ],
        [
            566.5306949898137,
            0.0,
            400.84781605287395
        ],
        [
            584.1717014069362,
            0.0,
            393.3338096011139
        ],
        [
            1636.2550127377754,
            0.0,
            872.3030412594597
        ],
        [
            1630.5808146651561,
            0.0,
            817.4241291067419
        ],
        [
            2689.498183212225,
            0.0,
            894.1882268281893
        ],
        [
            2717.3399640689654,
            0.0,
            830.7741989696565
        ],
        [
            431.55574053235176,
            0.0,
            84.49677694192536
        ],
        [
            428.92300867774276,
            0.0,
            73.94332374753644
        ],
        [
            427.44969348543304,
            0.0,
            64.24034588332584
        ],
        [
            424.6949463813539,
            0.0,
            53.086745220807764
        ],
        [
            425.46106743581504,
            0.0,
            29.751136051869413
        ],
        [
            1583.75576450242,
            0.0,
            -128.9910012572768
        ],
        [
            1579.0729663800466,
            0.0,
            -168.14448206146972
        ],
        [
            1573.7836200493352,
            0.0,
            -206.31936352269477
        ],
        [
            1569.0333292894763,
            0.0,
            -246.3178314267601
        ],
        [
            1563.4996207454176,
            0.0,
            -284.9289357522954
        ],
        [
            646.5293050877376,
            0.0,
            -182.3401221968636
        ],
        [
            636.7280121906325,
            0.0,
            -198.66161806389724
        ],
        [
            622.0754799717151,
            0.0,
            -211.35538133191744
        ],
        [
            620.4693640091577,
            0.0,
            -227.17467030034683
        ],
        [
            622.7806391419571,
            0.0,
            -245.71228196802747
        ],
        [
            144.19353553472044,
            0.0,
            -97.83295359947645
        ],
        [
            139.04055829527567,
            0.0,
            -101.25079332498113
        ],
        [
            135.0966650327333,
            0.0,
            -103.60479524150149
        ],
        [
            131.73504159860644,
            0.0,
            -106.26119383393652
        ],
        [
            128.32488162055472,
            0.0,
            -108.81538152793756
        ],
        [
            1185.379085953927,
            0.0,
            -1804.7817001186133
        ],
        [
            582.0389617596259,
            0.0,
            -1368.0848692584013
        ],
        [
            544.3062057404192,
            0.0,
            -1375.198805406865
        ],
        [
            507.3485827887598,
            0.0,
            -1377.541801740418
        ],
        [
            468.76777254076734,
            0.0,
            -1378.474800432408
        ],
        [
            431.20718292432355,
            0.0,
            -1380.7326371873987
        ],
        [
            394.68579658034537,
            0.0,
            -1380.6951589607816
        ],
        [
            204.27897216350823,
            0.0,
            -1860.5693118053464
        ],
        [
            1.628130677951944,
            0.0,
            -542.7475579774592
        ],
        [
            -271.7718409285117,
            0.0,
            -3281.5152946433645
        ],
        [
            -353.5173488470216,
            0.0,
            -3277.4895475140993
        ],
        [
            -436.12035974646875,
            0.0,
            -3278.1165372534592
        ],
        [
            -517.6873363855051,
            0.0,
            -3274.328148146743
        ],
        [
            -344.83327031343885,
            0.0,
            -321.5622267694681
        ],
        [
            -339.4798443386207,
            0.0,
            -283.4404660379775
        ],
        [
            -346.18352286139435,
            0.0,
            -275.21270137708837
        ],
        [
            -1572.5566393773622,
            0.0,
            -946.6392480507959
        ],
        [
            -1570.4308872688496,
            0.0,
            -891.3360145377129
        ],
        [
            -1565.83531044132,
            0.0,
            -838.054759890507
        ],
        [
            -1563.5891392427493,
            0.0,
