{
    "timestamp": 1775891951,
    "capture_id": 3,
    "lidar_points": [
        [
            -526.4930716173167,
            0.0,
            7300.289419470913
        ],
        [
            -339.6217140887702,
            0.0,
            7277.5797722401785
        ],
        [
            -157.84705438882403,
            0.0,
            7234.028087443453
        ],
        [
            21.649413363019395,
            0.0,
            7216.967528186686
        ],
        [
            202.97173441360806,
            0.0,
            7224.149186930536
        ],
        [
            157.7808923694131,
            0.0,
            752.3840458855515
        ],
        [
            175.2849459124552,
            0.0,
            742.5928815552084
        ],
        [
            192.1259950182448,
            0.0,
            726.5258784367212
        ],
        [
            207.81763286191833,
            0.0,
            715.167388778088
        ],
        [
            242.8040171601858,
            0.0,
            475.8878772892583
        ],
        [
            249.3451377055316,
            0.0,
            463.14468830227287
        ],
        [
            260.56519896277916,
            0.0,
            427.03142693423314
        ],
        [
            250.00706673084812,
            0.0,
            301.6032643799421
        ],
        [
            253.43106306606538,
            0.0,
            293.797032444516
        ],
        [
            253.7841519135853,
            0.0,
            263.3755241807831
        ],
        [
            259.0774706834496,
            0.0,
            257.10671750124754
        ],
        [
            266.55765801260355,
            0.0,
            248.97706210580102
        ],
        [
            269.60046638423125,
            0.0,
            241.95175350760528
        ],
        [
            273.8096485344822,
            0.0,
            231.79697769691327
        ],
        [
            278.17111127569643,
            0.0,
            221.76315147391844
        ],
        [
            281.42078160321927,
            0.0,
            213.51324591657811
        ],
        [
            284.2003488130158,
            0.0,
            206.83909624285286
        ],
        [
            288.58526366706695,
            0.0,
            198.9190679502834
        ],
        [
            292.5404222386385,
            0.0,
            190.31842095929417
        ],
        [
            296.4560554475257,
            0.0,
            181.77972848613663
        ],
        [
            299.72806909750983,
            0.0,
            175.3443671609623
        ],
        [
            305.2144168833711,
            0.0,
            165.61015133905215
        ],
        [
            309.4879532552572,
            0.0,
            157.4794249731429
        ],
        [
            312.9465516705198,
            0.0,
            152.21187797780658
        ],
        [
            319.35715636792247,
            0.0,
            142.6045903068843
        ],
        [
            324.5198481975015,
            0.0,
            138.27302927856385
        ],
        [
            332.44531487260974,
            0.0,
            131.47761261618402
        ],
        [
            341.1568016597245,
            0.0,
            126.91744041426058
        ],
        [
            393.2178602787949,
            0.0,
            105.017685928448
        ],
        [
            403.4010425032637,
            0.0,
            97.42996924601813
        ],
        [
            558.4209508544335,
            0.0,
            71.6592048995132
        ],
        [
            549.8928258947608,
            0.0,
            56.12880302905315
        ],
        [
            537.6898949917061,
            0.0,
            40.98950260503432
        ],
        [
            534.2437150661656,
            0.0,
            28.43682317527253
        ],
        [
            524.746702358131,
            0.0,
            1.8603398256888637
        ],
        [
            526.1119309040895,
            0.0,
            -12.053989396483155
        ],
        [
            527.6347289149688,
            0.0,
            -25.48833738844731
        ],
        [
            698.6020204307732,
            0.0,
            -167.92101431935646
        ],
        [
            698.9112088897892,
            0.0,
            -186.0475331419725
        ],
        [
            658.1780621704504,
            0.0,
            -212.07047997670648
        ],
        [
            620.1442314545347,
            0.0,
            -233.791990225637
        ],
        [
            607.9940074149547,
            0.0,
            -246.99665877801672
        ],
        [
            601.5348682233613,
            0.0,
            -262.3354051810456
        ],
        [
            308.5256462665044,
            0.0,
            -549.8565045499015
        ],
        [
            290.2280337368251,
            0.0,
            -548.7242029774669
        ],
        [
            271.99226536820987,
            0.0,
            -547.4000092070416
        ],
        [
            254.19874199761043,
            0.0,
            -547.077290761399
        ],
        [
            234.97128051273518,
            0.0,
            -546.9104678411317
        ],
        [
            187.86111958319077,
            0.0,
            -543.1811504912059
        ],
        [
            156.0796527313758,
            0.0,
            -544.3144353250731
        ],
        [
            140.13212325607702,
            0.0,
            -540.6341073514911
        ],
        [
            126.74004866426225,
            0.0,
            -539.5646602257976
        ],
        [
            112.39872686516148,
            0.0,
            -538.9033087661373
        ],
        [
            98.50921034364785,
            0.0,
            -538.0566285043526
        ],
        [
            1.0841185789451945e-13,
            0.0,
            -885.25
        ],
        [
            -22.394502484244956,
            0.0,
            -902.2221102691304
        ],
        [
            -1025.1952015688491,
            0.0,
            -8165.3931349739805
        ],
        [
            -1222.348453649965,
            0.0,
            -8103.325814618313
        ],
        [
            -1424.0018809576634,
            0.0,
            -8075.915978576611
        ],
        [
            -104.00817565178667,
            0.0,
            -281.9264964447065
        ],
        [
            -111.82593573151833,
            0.0,
            -279.1872536448796
        ],
        [
            -120.03948676510065,
            0.0,
            -277.9353955817273
        ],
        [
            -128.42993230110903,
            0.0,
            -277.1930779964257
        ],
        [
            -135.42276364877043,
            0.0,
            -277.46574128300824
        ],
        [
            -145.31276923344308,
            0.0,
            -276.37702798479495
        ],
        [
            -152.17408420743914,
            0.0,
            -276.6606415730782
        ],
        [
            -162.60873274610626,
            0.0,
            -275.02481712511945
        ],
        [
            -170.54818830408672,
            0.0,
            -274.5976656240795
        ],
        [
            -177.91962647501813,
            0.0,
            -274.95609925038946
        ],
        [
            -188.7706994772013,
            0.0,
            -274.02223544611877
        ],
        [
            -197.0348401635029,
            0.0,
            -274.01372549882035
        ],
        [
            -239.0725368291299,
            0.0,
            -207.0226669572304
        ],
        [
            -238.76114778007505,
            0.0,
            -193.77658349434577
        ],
        [
            -235.4600892136735,
            0.0,
            -184.68651517500925
