{
    "timestamp": 1775527230,
    "capture_id": 4,
    "lidar_points": [
        [
            353.328125,
            958.0
        ],
        [
            354.75,
            936.0
        ],
        [
            356.203125,
            911.25
        ],
        [
            357.71875,
            888.5
        ],
        [
            359.171875,
            870.75
        ],
        [
            0.625,
            860.75
        ],
        [
            2.15625,
            854.0
        ],
        [
            3.53125,
            847.5
        ],
        [
            4.96875,
            841.0
        ],
        [
            6.5,
            837.0
        ],
        [
            7.84375,
            830.75
        ],
        [
            9.359375,
            822.0
        ],
        [
            10.78125,
            814.75
        ],
        [
            12.328125,
            810.25
        ],
        [
            13.6875,
            808.75
        ],
        [
            23.890625,
            2956.0
        ],
        [
            25.28125,
            2990.5
        ],
        [
            26.75,
            3015.25
        ],
        [
            32.5625,
            2653.75
        ],
        [
            37.078125,
            2404.25
        ],
        [
            38.515625,
            2347.0
        ],
        [
            40.0,
            2290.25
        ],
        [
            41.46875,
            2224.5
        ],
        [
            42.9375,
            2170.25
        ],
        [
            44.40625,
            2122.75
        ],
        [
            50.21875,
            1951.75
        ],
        [
            51.6875,
            1906.0
        ],
        [
            53.125,
            1883.25
        ],
        [
            54.59375,
            1856.75
        ],
        [
            56.03125,
            1818.25
        ],
        [
            58.984375,
            1781.25
        ],
        [
            60.453125,
            1758.5
        ],
        [
            61.859375,
            1742.5
        ],
        [
            63.3125,
            1726.5
        ],
        [
            64.75,
            1714.25
        ],
        [
            66.21875,
            1699.75
        ],
        [
            72.765625,
            306.5
        ],
        [
            74.40625,
            311.5
        ],
        [
            81.0625,
            348.25
        ],
        [
            82.59375,
            355.5
        ],
        [
            83.734375,
            360.75
        ],
        [
            85.65625,
            362.25
        ],
        [
            86.59375,
            362.25
        ],
        [
            88.046875,
            361.0
        ],
        [
            89.890625,
            360.5
        ],
        [
            91.484375,
            360.75
        ],
        [
            104.171875,
            277.0
        ],
        [
            105.765625,
            282.25
        ],
        [
            106.640625,
            287.75
        ],
        [
            107.96875,
            293.75
        ],
        [
            124.3125,
            168.75
        ],
        [
            125.765625,
            166.0
        ],
        [
            127.203125,
            164.25
        ],
        [
            148.390625,
            224.5
        ],
        [
            151.921875,
            203.25
        ],
        [
            157.0625,
            185.75
        ],
        [
            162.265625,
            506.0
        ],
        [
            163.671875,
            500.75
        ],
        [
            165.203125,
            499.0
        ],
        [
            166.828125,
            497.0
        ],
        [
            168.140625,
            495.5
        ],
        [
            169.484375,
            494.25
        ],
        [
            171.046875,
            493.25
        ],
        [
            172.484375,
            492.5
        ],
        [
            173.859375,
            492.0
        ],
        [
            175.53125,
            492.25
        ],
        [
            177.0,
            492.5
        ],
        [
            178.28125,
            493.5
        ],
        [
            179.578125,
            494.75
        ],
        [
            181.234375,
            495.5
        ],
        [
            182.5625,
            497.25
        ],
        [
            184.0,
            499.5
        ],
        [
            185.453125,
            501.5
        ],
        [
            186.984375,
            504.0
        ],
        [
            188.421875,
            507.25
        ],
        [
            189.796875,
            510.5
        ],
        [
            191.21875,
            513.75
        ],
        [
            192.71875,
            517.75
        ],
        [
            193.90625,
            522.25
        ],
        [
            195.34375,
            527.75
        ],
        [
            196.890625,
            532.75
        ],
        [
            198.25,
            538.5
        ],
        [
            199.609375,
            545.5
        ],
        [
            201.140625,
            552.75
        ],
        [
            202.546875,
            560.25
        ],
        [
            203.984375,
            567.25
        ],
        [
            205.40625,
            575.0
        ],
        [
            206.84375,
            584.25
        ],
        [
            208.265625,
            594.0
        ],
        [
            209.46875,
            604.75
        ],
        [
            210.875,
            615.5
        ],
        [
            212.421875,
            626.5
        ],
        [
            213.71875,
            639.75
        ],
        [
            215.265625,
            653.25
        ],
        [
            216.609375,
            667.5
        ],
        [
            218.0,
            683.75
        ],
        [
            219.28125,
            700.25
        ],
        [
            220.703125,
            718.0
        ],
        [
            222.15625,
            737.5
        ],
        [
            223.578125,
            758.5
        ],
        [
            224.96875,
            780.5
        ],
        [
            227.703125,
            831.5
        ],
        [
            234.703125,
            988.25
        ],
        [
            236.125,
            986.0
        ],
        [
            237.59375,
            973.75
        ],
        [
            239.046875,
            962.75
        ],
        [
            240.546875,
            952.25
        ],
        [
            241.953125,
            942.5
        ],
        [
            243.4375,
            934.5
        ],
        [
            244.953125,
            926.75
        ],
        [
            246.3125,
            919.25
        ],
        [
            247.890625,
            910.75
        ],
        [
            249.265625,
            902.0
        ],
        [
            250.734375,
            896.25
        ],
        [
            252.1875,
            892.5
        ],
        [
            253.546875,
            888.75
        ],
        [
            255.109375,
            885.5
        ],
        [
            256.5,
            883.0
        ],
        [
            257.890625,
            880.5
        ],
        [
            259.453125,
            878.25
        ],
        [
            260.890625,
            877.75
        ],
        [
            262.28125,
            877.25
        ],
        [
            263.75,
            876.75
        ],
        [
            265.203125,
            877.75
        ],
        [
            266.65625,
            879.0
        ],
        [
            268.078125,
            880.25
        ],
        [
            269.5625,
            881.5
        ],
