{
    "timestamp": 1776227122,
    "capture_id": 19,
    "lidar_points": [
        [
            -69.65232366024092,
            0.0,
            563.461281996136
        ],
        [
            -55.13430359253245,
            0.0,
            569.3366390522979
        ],
        [
            -43.95864030790274,
            0.0,
            574.570883740449
        ],
        [
            -28.50831878422991,
            0.0,
            580.3001600552052
        ],
        [
            -15.44439950164539,
            0.0,
            589.7978217355787
        ],
        [
            -1.2833613975484077,
            0.0,
            588.2486000693273
        ],
        [
            13.350573115491382,
            0.0,
            575.8452588998957
        ],
        [
            28.24187316843188,
            0.0,
            568.5489944586466
        ],
        [
            42.39190120843886,
            0.0,
            562.1538839249747
        ],
        [
            55.80348941468195,
            0.0,
            555.7051561477052
        ],
        [
            69.90601160553645,
            0.0,
            548.3116924171931
        ],
        [
            82.10417818845745,
            0.0,
            540.2972829137659
        ],
        [
            94.65582376878308,
            0.0,
            533.4166640878901
        ],
        [
            106.25335438605995,
            0.0,
            527.4032846709531
        ],
        [
            120.54950335167865,
            0.0,
            520.2151643711126
        ],
        [
            132.48398281515995,
            0.0,
            513.4326214776701
        ],
        [
            142.6341058425494,
            0.0,
            507.3307716376924
        ],
        [
            154.69405818945282,
            0.0,
            500.12198348090857
        ],
        [
            165.43647446270097,
            0.0,
            489.5521784420452
        ],
        [
            174.13671700712948,
            0.0,
            477.22154581491696
        ],
        [
            184.3523251611435,
            0.0,
            462.0827525537823
        ],
        [
            189.08998126088574,
            0.0,
            445.8060581539442
        ],
        [
            196.76296714613355,
            0.0,
            429.5818720102718
        ],
        [
            201.97254921376387,
            0.0,
            414.6789744659039
        ],
        [
            210.0317069143364,
            0.0,
            406.43933383796684
        ],
        [
            881.0167900790532,
            0.0,
            1397.1712415086427
        ],
        [
            911.4388601173368,
            0.0,
            1369.7177690195924
        ],
        [
            963.0392001463463,
            0.0,
            1367.4105999960238
        ],
        [
            1015.445566692099,
            0.0,
            1366.831322287195
        ],
        [
            1063.4278043186134,
            0.0,
            1362.656800152589
        ],
        [
            1116.3735818069752,
            0.0,
            1360.3051453050764
        ],
        [
            413.988449530136,
            0.0,
            432.221949530139
        ],
        [
            426.3510120701396,
            0.0,
            422.87712696097395
        ],
        [
            431.0767660934309,
            0.0,
            406.8481095377358
        ],
        [
            431.23044499636717,
            0.0,
            386.3693871261479
        ],
        [
            706.7073945624602,
            0.0,
            452.664578877936
        ],
        [
            717.1759657262644,
            0.0,
            434.92550705218474
        ],
        [
            727.2807460815847,
            0.0,
            418.31055016460397
        ],
        [
            2678.92825146199,
            0.0,
            958.5358553642141
        ],
        [
            5002.626658924821,
            0.0,
            252.6014873564278
        ],
        [
            1594.0584923824374,
            0.0,
            -54.795281397493085
        ],
        [
            1591.880722911405,
            0.0,
            -95.6207431630928
        ],
        [
            1591.619022683642,
            0.0,
            -134.00167585357997
        ],
        [
            1586.6084465816261,
            0.0,
            -172.88619735490468
        ],
        [
            1582.6468145891326,
            0.0,
            -213.6306632271496
        ],
        [
            1579.7804958716329,
            0.0,
            -251.9794582174862
        ],
        [
            1576.4034305519103,
            0.0,
            -292.16910624528555
        ],
        [
            1572.5181383185804,
            0.0,
            -331.1128276872795
        ],
        [
            1570.143093798361,
            0.0,
            -371.5278118759233
        ],
        [
            1568.5485129184158,
            0.0,
            -412.9643599893656
        ],
        [
            1565.152146467416,
            0.0,
            -452.49786840209526
        ],
        [
            1568.5622062843463,
            0.0,
            -496.4475475983177
        ],
        [
            154.00497664105217,
            0.0,
            -99.7733289501206
        ],
        [
            149.8307683208261,
            0.0,
            -102.43530087030999
        ],
        [
            145.82312265084218,
            0.0,
            -105.09842720211108
        ],
        [
            142.80162803220676,
            0.0,
            -108.34323943537619
        ],
        [
            138.831665710058,
            0.0,
            -111.79817125593203
        ],
        [
            385.1417096925766,
            0.0,
            -464.6268539969241
        ],
        [
            378.1757496288154,
            0.0,
            -477.03214241042866
        ],
        [
            1263.8291934080667,
            0.0,
            -1844.2651198755336
        ],
        [
            647.0273647307702,
            0.0,
            -1352.7216414656618
        ],
        [
            610.1019295879349,
            0.0,
            -1356.3510600184152
        ],
        [
            571.7370029662566,
            0.0,
            -1362.3960692247915
        ],
        [
            533.4694857211271,
            0.0,
            -1366.2964064596072
        ],
        [
            495.4536630608234,
            0.0,
            -1369.3756717057638
        ],
        [
            421.4976047262331,
            0.0,
            -1371.9629483736244
        ],
        [
            384.61759704520676,
            0.0,
            -1375.2284552186852
        ],
        [
            288.49383164190914,
            0.0,
            -1854.1908097886176
        ],
        [
            27.29923708551542,
            0.0,
            -549.5723920963906
        ],
        [
            -44.766989845269464,
            0.0,
            -3282.9447877051166
        ],
        [
            -125.70270315633442,
            0.0,
            -3290.8501018610964
        ],
        [
            -208.69316949076781,
            0.0,
            -3294.1459778686035
        ],
        [
            -291.2270797180238,
            0.0,
            -3297.6653920673807
        ],
        [
            -371.8152493435029,
            0.0,
            -3287.289382280731
        ],
        [
            -324.15188009518994,
            0.0,
            -345.1489658549676
        ],
        [
            -325.41915045126905,
            0.0,
            -296.88823910619016
        ],
        [
            -1521.2822267420606,
            0.0,
            -1006.3182332635726
        ],
        [
            -1520.3603538167763,
            0.0,
            -952.3341821766802
        ],
        [
            -1522.7508653969835,
            0.0,
