{
    "timestamp": 1776226955,
    "capture_id": 5,
    "lidar_points": [
        [
            -64.44192000053388,
            0.0,
            585.46412268101
        ],
        [
            -51.81408906348287,
            0.0,
            592.2377480155427
        ],
        [
            -37.41448180038058,
            0.0,
            598.3313518040059
        ],
        [
            -22.889964636929623,
            0.0,
            603.5661103134603
        ],
        [
            -7.464163162288998,
            0.0,
            608.2041998936596
        ],
        [
            5.993473455329841,
            0.0,
            610.4705793696697
        ],
        [
            22.36958974261083,
            0.0,
            607.3381792335695
        ],
        [
            37.49249364733732,
            0.0,
            599.578915089669
        ],
        [
            50.738066376994325,
            0.0,
            591.0763158174448
        ],
        [
            64.67288012968588,
            0.0,
            583.1749146488825
        ],
        [
            78.85326740496234,
            0.0,
            575.8764839091466
        ],
        [
            93.51781559042254,
            0.0,
            568.3576498712723
        ],
        [
            106.7049019251156,
            0.0,
            561.1957113210608
        ],
        [
            118.49084375847208,
            0.0,
            554.4807660734549
        ],
        [
            131.96820411476835,
            0.0,
            547.057543228062
        ],
        [
            144.90948664299484,
            0.0,
            539.6320998429056
        ],
        [
            156.2470816130503,
            0.0,
            532.8127363224389
        ],
        [
            169.99370357844342,
            0.0,
            524.6469200745244
        ],
        [
            181.13524979733023,
            0.0,
            515.0786554312446
        ],
        [
            189.94031735769866,
            0.0,
            501.75185683967
        ],
        [
            204.92594537316631,
            0.0,
            462.6460384710044
        ],
        [
            209.14342306603626,
            0.0,
            445.3347376841615
        ],
        [
            215.83807735511093,
            0.0,
            427.05523572911403
        ],
        [
            903.6809799191917,
            0.0,
            1472.8695415861819
        ],
        [
            951.9172548677682,
            0.0,
            1468.4527707369455
        ],
        [
            986.1966492708495,
            0.0,
            1440.8095533299843
        ],
        [
            998.7597087722436,
            0.0,
            1308.9848334236663
        ],
        [
            1034.925610952876,
            0.0,
            1290.2112151868066
        ],
        [
            1084.222718572172,
            0.0,
            1284.2825464172472
        ],
        [
            1133.2813638313658,
            0.0,
            1279.5346470074658
        ],
        [
            1184.6070979449364,
            0.0,
            1273.117050195494
        ],
        [
            1239.600580549968,
            0.0,
            1266.9438230245974
        ],
        [
            1296.327442112768,
            0.0,
            1262.8262846984808
        ],
        [
            1358.6396898693065,
            0.0,
            1260.0425362311523
        ],
        [
            1422.79729729868,
            0.0,
            1258.0931655881338
        ],
        [
            1487.6350966254722,
            0.0,
            1251.0419184776033
        ],
        [
            1556.4930258997094,
            0.0,
            1244.3399948669842
        ],
        [
            1630.212101190906,
            0.0,
            1239.6420875118476
        ],
        [
            1707.9008675769585,
            0.0,
            1233.0518547611339
        ],
        [
            1697.0498942375655,
            0.0,
            1102.0770873529073
        ],
        [
            1692.350969224169,
            0.0,
            1038.3440889059927
        ],
        [
            1683.2585098788488,
            0.0,
            975.5055299281688
        ],
        [
            1676.1094971690966,
            0.0,
            914.7935305300089
        ],
        [
            404.75081380179455,
            0.0,
            162.76007258165322
        ],
        [
            402.65786745401493,
            0.0,
            150.17224869257618
        ],
        [
            404.48864629986844,
            0.0,
            136.81350450339298
        ],
        [
            408.5443578380843,
            0.0,
            126.73425021937572
        ],
        [
            413.94555386810885,
            0.0,
            120.04198612495787
        ],
        [
            421.11825314003306,
            0.0,
            110.99399475776612
        ],
        [
            432.9021342578905,
            0.0,
            103.05698498871067
        ],
        [
            5000.659254748313,
            0.0,
            -182.81963215160005
        ],
        [
            420.8949492940323,
            0.0,
            -81.69457851518641
        ],
        [
            415.1525048206628,
            0.0,
            -89.78285048454167
        ],
        [
            414.1723173287128,
            0.0,
            -100.74896554587558
        ],
        [
            413.56691652828687,
            0.0,
            -111.17764187679559
        ],
        [
            147.5077339232594,
            0.0,
            -109.1499813688711
        ],
        [
            142.78175930241335,
            0.0,
            -111.24014208237827
        ],
        [
            138.4307859751861,
            0.0,
            -113.48091246677662
        ],
        [
            134.8465672203608,
            0.0,
            -116.19123593836461
        ],
        [
            131.02783166476175,
            0.0,
            -118.62659832108
        ],
        [
            1115.9747417040496,
            0.0,
            -1859.5905297614795
        ],
        [
            528.575757343978,
            0.0,
            -1396.3010666572736
        ],
        [
            489.34334023129213,
            0.0,
            -1401.26412851799
        ],
        [
            451.5897824029639,
            0.0,
            -1402.8562759346532
        ],
        [
            412.5537180670618,
            0.0,
            -1402.5845534972368
        ],
        [
            375.79211838156493,
            0.0,
            -1399.4217676463004
        ],
        [
            -8.643655407564674,
            0.0,
            -546.4316400257175
        ],
        [
            -324.2374796828467,
            0.0,
            -3273.732597398406
        ],
        [
            -406.5421781040064,
            0.0,
            -3274.106598741472
        ],
        [
            -487.2498374523952,
            0.0,
            -3266.357886990128
        ],
        [
            -567.7358840053839,
            0.0,
            -3256.125539427592
        ],
        [
            -465.83747389250914,
            0.0,
            -1157.5299177202487
        ],
        [
            -348.56359611619786,
            0.0,
            -314.5372306461416
        ],
        [
            -347.71926152929484,
            0.0,
            -267.5684541599062
        ],
        [
            -1596.5776258880976,
            0.0,
            -874.213902322267
        ],
        [
            -1590.8934272370607,
            0.0,
            -820.4621278120757
        ],
        [
            -1588.250601500993,
            0.0,
            -769.2870656209775
        ],
        [
            -1582.2663392421864,
            0.0,
            -718.4763699671201
        ],
        [
            -1576.7292792482492,
            0.0,
            -668.2671845611579
