{
    "timestamp": 1776227301,
    "capture_id": 38,
    "lidar_points": [
        [
            -109.48328415409887,
            0.0,
            881.7287907802676
        ],
        [
            -87.94366330460869,
            0.0,
            890.4175843864302
        ],
        [
            -66.73469542095708,
            0.0,
            898.0237916820869
        ],
        [
            -45.51762428566896,
            0.0,
            906.3577637331678
        ],
        [
            -22.26644238323028,
            0.0,
            917.229772490838
        ],
        [
            -1.264340662052346,
            0.0,
            927.2491380112954
        ],
        [
            21.18996465347293,
            0.0,
            936.0101751038738
        ],
        [
            45.183402534975656,
            0.0,
            940.6654679722022
        ],
        [
            67.83813964372685,
            0.0,
            933.5384227816647
        ],
        [
            91.64518477260216,
            0.0,
            920.1976540982897
        ],
        [
            111.84971767757607,
            0.0,
            908.8936698841326
        ],
        [
            133.67096222009695,
            0.0,
            896.0848586262092
        ],
        [
            155.0828664453057,
            0.0,
            883.7459290062429
        ],
        [
            175.49335518988923,
            0.0,
            873.5462679699315
        ],
        [
            195.27641373623274,
            0.0,
            861.9055544189953
        ],
        [
            215.63028469339793,
            0.0,
            849.0462769031169
        ],
        [
            232.12790210274807,
            0.0,
            829.1185904714579
        ],
        [
            247.12332310308355,
            0.0,
            802.0415361304481
        ],
        [
            261.69807348180024,
            0.0,
            775.8000263185831
        ],
        [
            881.6443789782924,
            0.0,
            1503.2899758582778
        ],
        [
            919.1935185289393,
            0.0,
            1482.6879393501483
        ],
        [
            942.5464425912098,
            0.0,
            1359.4665373074304
        ],
        [
            975.9690486711405,
            0.0,
            1332.577381819138
        ],
        [
            1024.1936727329798,
            0.0,
            1329.4925284610404
        ],
        [
            1073.777917228785,
            0.0,
            1326.0052967359566
        ],
        [
            1126.5767586442303,
            0.0,
            1323.4306959122036
        ],
        [
            1179.9357915651206,
            0.0,
            1317.6600814639535
        ],
        [
            1235.0423400632624,
            0.0,
            1312.8886732130266
        ],
        [
            1296.572311735179,
            0.0,
            1313.6564630609075
        ],
        [
            1362.0673950363373,
            0.0,
            1313.8982690371909
        ],
        [
            1425.573061058445,
            0.0,
            1309.160684402207
        ],
        [
            1491.5711347673023,
            0.0,
            1305.197130677578
        ],
        [
            1565.5541805595822,
            0.0,
            1302.0576677829656
        ],
        [
            1639.4274892026042,
            0.0,
            1297.5026281849473
        ],
        [
            1667.0060397302016,
            0.0,
            1251.9079143463507
        ],
        [
            1657.2508537143392,
            0.0,
            1181.423789485845
        ],
        [
            1651.7738443251324,
            0.0,
            1116.1027807524597
        ],
        [
            1643.0314297694506,
            0.0,
            1051.1412706148278
        ],
        [
            1637.7658489917983,
            0.0,
            989.5480149422632
        ],
        [
            1634.533531207323,
            0.0,
            931.848906936591
        ],
        [
            1631.6109150096208,
            0.0,
            877.2696689282423
        ],
        [
            1628.7846205608714,
            0.0,
            824.8780045099872
        ],
        [
            2719.135003160887,
            0.0,
            840.250459437686
        ],
        [
            375.6155348930249,
            0.0,
            -40.100279887137766
        ],
        [
            365.7262162291528,
            0.0,
            -50.891033224989435
        ],
        [
            361.66405862513756,
            0.0,
            -56.17035426978403
        ],
        [
            359.24228522615437,
            0.0,
            -65.9738054495143
        ],
        [
            355.9629609360451,
            0.0,
            -76.06819599309317
        ],
        [
            354.71831739151753,
            0.0,
            -84.95574028240001
        ],
        [
            354.01181533494355,
            0.0,
            -94.85718003007389
        ],
        [
            144.19353553472044,
            0.0,
            -97.83295359947645
        ],
        [
            139.01294125490267,
            0.0,
            -101.28870698977738
        ],
        [
            135.06840618458278,
            0.0,
            -103.6416332887347
        ],
        [
            131.67706551673595,
            0.0,
            -106.33302834444821
        ],
        [
            128.26551295269655,
            0.0,
            -108.88535570489556
        ],
        [
            1179.3561548132861,
            0.0,
            -1800.9585288406893
        ],
        [
            581.0171880635501,
            0.0,
            -1368.7907170837789
        ],
        [
            542.1709704899996,
            0.0,
            -1373.0858317155312
        ],
        [
            504.4917856465452,
            0.0,
            -1376.7269521278213
        ],
        [
            467.02311898720626,
            0.0,
            -1378.2749975354925
        ],
        [
            429.47250157337874,
            0.0,
            -1381.796790556522
        ],
        [
            391.9811419521393,
            0.0,
            -1381.2055773323161
        ],
        [
            319.3010674316161,
            0.0,
            -1381.3261348562949
        ],
        [
            1.0360840833331095,
            0.0,
            -542.7490110813397
        ],
        [
            -199.31600121661612,
            0.0,
            -3273.437548153167
        ],
        [
            -280.71976400195325,
            0.0,
            -3280.7619506143214
        ],
        [
            -362.5364528112953,
            0.0,
            -3277.2587451836944
        ],
        [
            -444.31820913627666,
            0.0,
            -3271.4650508648156
        ],
        [
            -526.61474515175,
            0.0,
            -3272.9042011933007
        ],
        [
            -346.93048938548554,
            0.0,
            -319.29842707841124
        ],
        [
            -339.8662117324307,
            0.0,
            -281.4116568705827
        ],
        [
            -351.2280341729942,
            0.0,
            -274.87245771625425
        ],
        [
            -1572.0135235354085,
            0.0,
            -932.9295159988185
        ],
        [
            -1569.4660503038608,
            0.0,
            -877.2572695302098
        ],
        [
            -1567.088171999726,
            0.0,
            -825.0307031732558
        ],
        [
            -1565.570290594768,
            0.0,
            -775.2410368440344
        ],
        [
            -1562.1063130319267,
            0.0,
            -725.8306391891986
        ],
        [
            -1557.950763057382,
            0.0,
            -675.9012371559334
        ],
        [
            -1552.7508115251721,
            0.0,
