{
    "timestamp": 1776227298,
    "capture_id": 27,
    "lidar_points": [
        [
            -106.68723314311161,
            0.0,
            882.8269347863528
        ],
        [
            -85.61067631927584,
            0.0,
            891.6495245331296
        ],
        [
            -63.65646760048805,
            0.0,
            899.7509956274725
        ],
        [
            -41.936388781009484,
            0.0,
            909.2834551425689
        ],
        [
            -19.306695000374194,
            0.0,
            919.2972868056136
        ],
        [
            2.5300425101839266,
            0.0,
            927.746550187548
        ],
        [
            25.804975107416677,
            0.0,
            936.6445981586108
        ],
        [
            48.26147564709969,
            0.0,
            940.5125690113686
        ],
        [
            70.56277623884162,
            0.0,
            932.3335747517983
        ],
        [
            93.60188826287465,
            0.0,
            919.4980962533986
        ],
        [
            115.44050701700027,
            0.0,
            907.4365277195193
        ],
        [
            136.11415450822042,
            0.0,
            895.7169960107447
        ],
        [
            157.1855212117484,
            0.0,
            884.3900578485666
        ],
        [
            177.06117722802426,
            0.0,
            872.7196511587362
        ],
        [
            197.27957972308775,
            0.0,
            860.9363100277986
        ],
        [
            215.30294326444556,
            0.0,
            842.9381012990615
        ],
        [
            233.51539886127034,
            0.0,
            821.973727374946
        ],
        [
            248.28731877626245,
            0.0,
            801.1585172953569
        ],
        [
            263.1184492506468,
            0.0,
            773.7352545696331
        ],
        [
            885.2145575011575,
            0.0,
            1504.6721402644596
        ],
        [
            922.6828885455394,
            0.0,
            1481.9916834062394
        ],
        [
            943.4303315371048,
            0.0,
            1359.157628656731
        ],
        [
            976.9110518627156,
            0.0,
            1331.5769023036119
        ],
        [
            1024.7659693532032,
            0.0,
            1328.7357555419323
        ],
        [
            1075.3812674247192,
            0.0,
            1325.02731280227
        ],
        [
            1128.3802594755155,
            0.0,
            1321.8933353436535
        ],
        [
            1179.9357915651206,
            0.0,
            1317.6600814639535
        ],
        [
            1236.2874758194334,
            0.0,
            1312.059769839779
        ],
        [
            1297.4575010434685,
            0.0,
            1313.836474979302
        ],
        [
            1360.2659309262347,
            0.0,
            1311.4445650355883
        ],
        [
            1424.0882153024304,
            0.0,
            1307.0813880691358
        ],
        [
            1496.0273843195835,
            0.0,
            1306.9369974738283
        ],
        [
            1567.6972103296384,
            0.0,
            1304.5634161376247
        ],
        [
            1638.2512886842237,
            0.0,
            1296.5717402536895
        ],
        [
            1668.0885748750454,
            0.0,
            1251.2985530525239
        ],
        [
            1658.7946236274538,
            0.0,
            1181.8421887564575
        ],
        [
            1651.2623063170493,
            0.0,
            1116.4131664560841
        ],
        [
            1642.6102476546673,
            0.0,
            1050.8718163029553
        ],
        [
            1638.035645447415,
            0.0,
            989.1013468010597
        ],
        [
            1634.0250433775252,
            0.0,
            932.7402680355751
        ],
        [
            1631.3716161516986,
            0.0,
            877.714589154467
        ],
        [
            1627.898232829268,
            0.0,
            822.1991279801668
        ],
        [
            2718.6669235736304,
            0.0,
            840.9180823164002
        ],
        [
            377.6152134652536,
            0.0,
            -40.209614019422624
        ],
        [
            367.73293192172633,
            0.0,
            -49.127291603048505
        ],
        [
            363.8565246122269,
            0.0,
            -56.71412519921223
        ],
        [
            361.95213383277604,
            0.0,
            -65.04394909520938
        ],
        [
            356.65771731666365,
            0.0,
            -73.98199225802762
        ],
        [
            354.7572328539019,
            0.0,
            -82.61578685603888
        ],
        [
            354.28208213428184,
            0.0,
            -92.86155705456362
        ],
        [
            144.98082443850595,
            0.0,
            -97.56086841111612
        ],
        [
            139.8314186478671,
            0.0,
            -101.01200106385838
        ],
        [
            135.69019223581464,
            0.0,
            -103.23963255943748
        ],
        [
            132.139775935827,
            0.0,
            -105.75746836809887
        ],
        [
            128.54810062457312,
            0.0,
            -108.16369920548493
        ],
        [
            1187.6612863953196,
            0.0,
            -1799.6873982160944
        ],
        [
            550.0135935411596,
            0.0,
            -1375.3496317009503
        ],
        [
            512.0012506265444,
            0.0,
            -1377.4196780055288
        ],
        [
            474.0375654702711,
            0.0,
            -1380.3726440794958
        ],
        [
            438.58783828222766,
            0.0,
            -1383.1275097079526
        ],
        [
            398.796426057715,
            0.0,
            -1380.8146048849546
        ],
        [
            362.1244169088765,
            0.0,
            -1380.0295175025808
        ],
        [
            4.286374877794228,
            0.0,
            -541.983050464133
        ],
        [
            -259.7531192382758,
            0.0,
            -3289.00879894627
        ],
        [
            -341.3895633321817,
            0.0,
            -3282.5452363292516
        ],
        [
            -422.51550126978515,
            0.0,
            -3278.3854107146617
        ],
        [
            -503.5284082886247,
            0.0,
            -3271.476599648288
        ],
        [
            -344.29964291652743,
            0.0,
            -321.76749119131307
        ],
        [
            -344.26009342130067,
            0.0,
            -275.2190955903266
        ],
        [
            -1572.8241140705536,
            0.0,
            -954.4131017008193
        ],
        [
            -1565.903988471822,
            0.0,
            -897.255404769478
        ],
        [
            -1567.4743291868133,
            0.0,
            -846.0944331694599
        ],
        [
            -1565.4819909093237,
            0.0,
            -796.0403247565915
        ],
        [
            -1561.9462263679136,
            0.0,
            -745.5330632742152
        ],
        [
            -1558.2456953048095,
            0.0,
            -696.3231401899772
        ],
        [
            -1555.1496947633996,
            0.0,
            -648.6404449903699
        ],
        [
            -1551.820134948345,
            0.0,
            -602.0087364556267
        ],
        [
            -1547.225389460838,
            0.0,
            -556.4635268440855
        ],
        [
            -1546.752064438891,
            0.0,
