{
    "timestamp": 1776227121,
    "capture_id": 18,
    "lidar_points": [
        [
            -71.40142381451214,
            0.0,
            562.4862991018185
        ],
        [
            -57.18233616509266,
            0.0,
            567.8782817917079
        ],
        [
            -44.840283940686675,
            0.0,
            573.7504674822659
        ],
        [
            -30.09073400950966,
            0.0,
            580.2202579424204
        ],
        [
            13.664645981350477,
            0.0,
            575.8378916415664
        ],
        [
            27.01328378625165,
            0.0,
            568.8589741746924
        ],
        [
            40.43452133441331,
            0.0,
            562.7993532196505
        ],
        [
            55.80348941468195,
            0.0,
            555.7051561477052
        ],
        [
            68.85918314201136,
            0.0,
            548.444140635138
        ],
        [
            81.95683191028559,
            0.0,
            540.3196532639075
        ],
        [
            94.03048820664277,
            0.0,
            533.2733982561107
        ],
        [
            105.29527916450856,
            0.0,
            527.8503260259183
        ],
        [
            119.24193537214772,
            0.0,
            521.029376185935
        ],
        [
            131.56562359343968,
            0.0,
            513.926781446997
        ],
        [
            143.60231640717416,
            0.0,
            507.0575654918225
        ],
        [
            154.83043954914953,
            0.0,
            500.07977862438827
        ],
        [
            165.16944057614688,
            0.0,
            489.64233722153017
        ],
        [
            173.56640125226463,
            0.0,
            478.4931601980721
        ],
        [
            182.4689258143383,
            0.0,
            464.7102899787797
        ],
        [
            190.67450634956072,
            0.0,
            446.4901820066723
        ],
        [
            196.26727305889156,
            0.0,
            430.3581735322643
        ],
        [
            202.42139408553052,
            0.0,
            414.7382659177597
        ],
        [
            210.00565219695744,
            0.0,
            404.7636669037014
        ],
        [
            882.5538386338479,
            0.0,
            1402.9985644727724
        ],
        [
            910.6916594350087,
            0.0,
            1370.214678047024
        ],
        [
            960.5132567840665,
            0.0,
            1368.575275073339
        ],
        [
            1011.7179346822394,
            0.0,
            1368.0384024735213
        ],
        [
            1061.1727798470274,
            0.0,
            1362.8297376458045
        ],
        [
            1114.7306677613603,
            0.0,
            1361.3286849076205
        ],
        [
            413.988449530136,
            0.0,
            432.221949530139
        ],
        [
            426.4663180617829,
            0.0,
            422.760842035809
        ],
        [
            431.3777069128515,
            0.0,
            405.79962602078626
        ],
        [
            430.70321475372657,
            0.0,
            386.95702707252303
        ],
        [
            683.6447519320203,
            0.0,
            439.9986967660318
        ],
        [
            688.7454430909163,
            0.0,
            417.68404879944535
        ],
        [
            692.0635936028507,
            0.0,
            395.79735333818024
        ],
        [
            2678.222093413103,
            0.0,
            958.2831879741699
        ],
        [
            3310.6311813565653,
            0.0,
            75.85137460608796
        ],
        [
            1593.8086399541644,
            0.0,
            -54.786692795393165
        ],
        [
            1591.4076316736555,
            0.0,
            -95.1567777451868
        ],
        [
            1591.3333072959358,
            0.0,
            -134.41467587498977
        ],
        [
            1586.8569754736345,
            0.0,
            -172.91327852616956
        ],
        [
            1582.515325328818,
            0.0,
            -212.7341242006684
        ],
        [
            1579.1491119021089,
            0.0,
            -252.7620321147555
        ],
        [
            1576.2438425597936,
            0.0,
            -293.0288574395643
        ],
        [
            1572.5819179470775,
            0.0,
            -332.0220984300465
        ],
        [
            1569.6969725482284,
            0.0,
            -372.32643858974984
        ],
        [
            1568.7902744031444,
            0.0,
            -413.028010476417
        ],
        [
            1565.268834189568,
            0.0,
            -452.9941795595511
        ],
        [
            1569.309519497666,
            0.0,
            -495.7425687935267
        ],
        [
            153.9232982465725,
            0.0,
            -99.89929057253956
        ],
        [
            149.77487624822004,
            0.0,
            -102.51700563726183
        ],
        [
            145.76577866431097,
            0.0,
            -105.17794574142957
        ],
        [
            142.9415977298384,
            0.0,
            -108.57232445904921
        ],
        [
            139.42240879342526,
            0.0,
            -111.46139208819804
        ],
        [
            392.58435727112885,
            0.0,
            -471.769631203636
        ],
        [
            384.9633100594204,
            0.0,
            -485.0503194598418
        ],
        [
            647.6121089713067,
            0.0,
            -1352.9961405391134
        ],
        [
            608.6220174095123,
            0.0,
            -1357.0157708827026
        ],
        [
            571.4621235588114,
            0.0,
            -1362.7824858860104
        ],
        [
            533.8420654241279,
            0.0,
            -1366.1508744218925
        ],
        [
            494.70671083683675,
            0.0,
            -1369.6456960663215
        ],
        [
            420.82254085739487,
            0.0,
            -1372.4316518888386
        ],
        [
            384.33789492879686,
            0.0,
            -1377.1236128328135
        ],
        [
            25.085070477885996,
            0.0,
            -550.4286867879612
        ],
        [
            -48.36650683648467,
            0.0,
            -3284.1438657611266
        ],
        [
            -130.19966872787234,
            0.0,
            -3290.9254467798496
        ],
        [
            -212.38287234257115,
            0.0,
            -3295.413263618923
        ],
        [
            -294.8686292936793,
            0.0,
            -3297.8437639552403
        ],
        [
            -375.5799624784722,
            0.0,
            -3296.423024170998
        ],
        [
            -324.3400814300903,
            0.0,
            -344.9721171021252
        ],
        [
            -325.9044968572727,
            0.0,
            -296.355376074415
        ],
        [
            -693.6030921002755,
            0.0,
            -518.5274830025279
        ],
        [
            -1521.4791441664572,
            0.0,
            -1004.6600302423229
        ],
        [
            -1520.5972436386876,
            0.0,
            -949.5981176994961
        ],
        [
            -1522.5958854606822,
            0.0,
            -899.1161393714391
        ],
        [
            -1523.5015321043013,
            0.0,
            -848.2966133233391
        ],
        [
            -1522.6051040800364,
            0.0,
            -798.4323763033544
        ],
        [
            -1522.0508623806006,
            0.0,
