{
    "timestamp": 1776226954,
    "capture_id": 4,
    "lidar_points": [
        [
            -68.25763091651997,
            0.0,
            583.5213327905537
        ],
        [
            -54.83513561140331,
            0.0,
            589.7060033630987
        ],
        [
            -42.5099628583413,
            0.0,
            596.2365013631608
        ],
        [
            -26.93726513491774,
            0.0,
            601.8975276133398
        ],
        [
            -12.590012904665787,
            0.0,
            607.3695263799957
        ],
        [
            1.8516142993381908,
            0.0,
            617.2472227758392
        ],
        [
            19.28409030923956,
            0.0,
            614.6975873231853
        ],
        [
            31.87379150493436,
            0.0,
            601.9066571446938
        ],
        [
            46.92365206213914,
            0.0,
            594.1499565573924
        ],
        [
            62.978039933158705,
            0.0,
            585.3719578064681
        ],
        [
            76.03150696818004,
            0.0,
            577.5166317502445
        ],
        [
            90.53562589891935,
            0.0,
            570.6122702353069
        ],
        [
            103.25507312345837,
            0.0,
            563.1115696505171
        ],
        [
            114.70793739006702,
            0.0,
            556.0415016882431
        ],
        [
            127.77141485065329,
            0.0,
            549.336386512911
        ],
        [
            141.45840602274225,
            0.0,
            542.0973914948355
        ],
        [
            153.90645703988258,
            0.0,
            534.5342505222942
        ],
        [
            166.42732447724356,
            0.0,
            526.8379216299319
        ],
        [
            177.36138585544018,
            0.0,
            518.7687358615954
        ],
        [
            188.596593397028,
            0.0,
            506.52894779966533
        ],
        [
            202.85172200877562,
            0.0,
            467.9221931882206
        ],
        [
            208.91735881322955,
            0.0,
            449.3036692332974
        ],
        [
            213.22456680226577,
            0.0,
            430.59904100216727
        ],
        [
            939.9876659953288,
            0.0,
            1468.4057469843456
        ],
        [
            981.0749494587888,
            0.0,
            1448.5310468003215
        ],
        [
            997.7710179729305,
            0.0,
            1318.8411800490846
        ],
        [
            1027.7304156568948,
            0.0,
            1292.7576891025271
        ],
        [
            1077.0729170429058,
            0.0,
            1289.3075394849304
        ],
        [
            1126.3680588401103,
            0.0,
            1282.96436370024
        ],
        [
            1178.7111693800985,
            0.0,
            1277.2172795490205
        ],
        [
            1232.4967820054665,
            0.0,
            1272.1156570242226
        ],
        [
            1290.0693864264188,
            0.0,
            1266.3652872316754
        ],
        [
            1347.608894131639,
            0.0,
            1259.416737405574
        ],
        [
            1410.300253108387,
            0.0,
            1255.979874871576
        ],
        [
            1479.5261426734323,
            0.0,
            1252.5113345378854
        ],
        [
            1546.7187987711377,
            0.0,
            1246.930840114226
        ],
        [
            1620.2501287956766,
            0.0,
            1241.156928086692
        ],
        [
            1697.1157294680645,
            0.0,
            1237.2745302850453
        ],
        [
            1701.5938914143233,
            0.0,
            1112.9617204564856
        ],
        [
            1696.8039946455153,
            0.0,
            1050.654208698096
        ],
        [
            1688.9616150814359,
            0.0,
            985.5906415857994
        ],
        [
            1680.1164852458505,
            0.0,
            924.1292366358341
        ],
        [
            406.30995320595406,
            0.0,
            162.22968879269723
        ],
        [
            403.2082882346087,
            0.0,
            150.12707550244457
        ],
        [
            403.65136793681825,
            0.0,
            138.49597706336226
        ],
        [
            407.01753241651176,
            0.0,
            129.92032483631564
        ],
        [
            413.09426752343785,
            0.0,
            120.28378377518042
        ],
        [
            420.42235946230784,
            0.0,
            111.66933179770548
        ],
        [
            430.32996695201246,
            0.0,
            103.06488026034816
        ],
        [
            5023.376502241088,
            0.0,
            -169.9340437702008
        ],
        [
            421.98788976880604,
            0.0,
            -81.30979884657198
        ],
        [
            415.5675911311947,
            0.0,
            -89.04255837191674
        ],
        [
            413.4732208603846,
            0.0,
            -99.38540200320993
        ],
        [
            413.7476100254157,
            0.0,
            -111.46822506103037
        ],
        [
            412.6240011141805,
            0.0,
            -121.00179215418578
        ],
        [
            147.9467991734252,
            0.0,
            -108.9761768201573
        ],
        [
            143.22165476711945,
            0.0,
            -111.08159211034045
        ],
        [
            138.8717176871859,
            0.0,
            -113.33670423393535
        ],
        [
            135.25782752052754,
            0.0,
            -116.09643661382216
        ],
        [
            131.47201766680885,
            0.0,
            -118.50784181065109
        ],
        [
            1113.8231324516676,
            0.0,
            -1861.7540867728892
        ],
        [
            2180.718017870384,
            0.0,
            -4543.239942654962
        ],
        [
            528.2834008845058,
            0.0,
            -1396.6789934877308
        ],
        [
            490.95427090884,
            0.0,
            -1400.9654363603584
        ],
        [
            452.50832528921694,
            0.0,
            -1403.08562748107
        ],
        [
            413.00680984814,
            0.0,
            -1402.7118155626488
        ],
        [
            374.7117323943243,
            0.0,
            -1399.9702425787643
        ],
        [
            -8.643655407564674,
            0.0,
            -546.4316400257175
        ],
        [
            -326.1964051679053,
            0.0,
            -3275.296651489073
        ],
        [
            -408.38974760085506,
            0.0,
            -3274.380533254269
        ],
        [
            -490.81259058342084,
            0.0,
            -3265.8244366353792
        ],
        [
            -572.0453740475253,
            0.0,
            -3254.6097062521685
        ],
        [
            -468.549384319713,
            0.0,
            -1156.9743026332164
        ],
        [
            -350.5295913398587,
            0.0,
            -312.34477039821184
        ],
        [
            -342.54751300329707,
            0.0,
            -276.15430710973175
        ],
        [
            -350.1328620371262,
            0.0,
            -265.64493016372586
        ],
        [
            -1595.085636859089,
            0.0,
            -864.9347149269908
        ],
        [
            -1589.7831285924005,
            0.0,
            -811.6739518075957
        ],
        [
            -1585.729902143193,
            0.0,
