{
    "timestamp": 1776227300,
    "capture_id": 34,
    "lidar_points": [
        [
            -125.14179516284412,
            0.0,
            874.8448968836824
        ],
        [
            -105.69443222011454,
            0.0,
            882.6945604214787
        ],
        [
            -83.8849850788562,
            0.0,
            891.5624259009124
        ],
        [
            -62.657582732793465,
            0.0,
            899.5705029768835
        ],
        [
            -40.44852173240289,
            0.0,
            909.3508561549075
        ],
        [
            -19.8134765535707,
            0.0,
            919.5365618869438
        ],
        [
            4.054605152850751,
            0.0,
            929.2411542097425
        ],
        [
            26.86962590471546,
            0.0,
            938.1152771401502
        ],
        [
            50.5294199236458,
            0.0,
            939.6423669259384
        ],
        [
            73.76888139021331,
            0.0,
            930.8314641429116
        ],
        [
            96.03108965324418,
            0.0,
            918.4934838201143
        ],
        [
            117.32367794918372,
            0.0,
            906.438720814858
        ],
        [
            138.77607335642685,
            0.0,
            893.5375000321876
        ],
        [
            158.80459317088108,
            0.0,
            882.3227024098558
        ],
        [
            179.74941060922248,
            0.0,
            870.1278063512493
        ],
        [
            199.8127445004897,
            0.0,
            859.0686044404033
        ],
        [
            218.79178420644433,
            0.0,
            844.1055355604302
        ],
        [
            234.6862203790006,
            0.0,
            822.6801492464851
        ],
        [
            249.28932369199117,
            0.0,
            798.2285985813774
        ],
        [
            262.1031916897712,
            0.0,
            771.4398741353956
        ],
        [
            887.8025049300338,
            0.0,
            1503.4369665004108
        ],
        [
            924.1901538518197,
            0.0,
            1477.2199597633894
        ],
        [
            947.4434252887199,
            0.0,
            1355.448272114129
        ],
        [
            980.9181709331999,
            0.0,
            1330.1812299205944
        ],
        [
            1030.5865119921007,
            0.0,
            1328.0257683117281
        ],
        [
            1081.203705662647,
            0.0,
            1324.8013235430285
        ],
        [
            1131.2957192220115,
            0.0,
            1318.7404011669437
        ],
        [
            1185.1730425559697,
            0.0,
            1316.9900993168574
        ],
        [
            1241.7103420385813,
            0.0,
            1312.7849886689098
        ],
        [
            1302.0976729065055,
            0.0,
            1310.647893299899
        ],
        [
            1369.7826630558113,
            0.0,
            1311.2816320271284
        ],
        [
            1432.0914647391023,
            0.0,
            1307.9657054454494
        ],
        [
            1499.9633789671864,
            0.0,
            1303.180287511034
        ],
        [
            1574.4932455429519,
            0.0,
            1302.2448242322262
        ],
        [
            1651.1332939803267,
            0.0,
            1298.0018906032747
        ],
        [
            1650.5872650264764,
            0.0,
            1169.2216398238686
        ],
        [
            1644.5287168900186,
            0.0,
            1104.036168711908
        ],
        [
            1639.5631292313342,
            0.0,
            1042.6321236491592
        ],
        [
            1639.7089793725213,
            0.0,
            983.4116447170659
        ],
        [
            1638.0848001873708,
            0.0,
            929.1440953345729
        ],
        [
            1635.0997890745696,
            0.0,
            873.4058290784978
        ],
        [
            1629.4647195736168,
            0.0,
            818.5334310001482
        ],
        [
            2680.2210745742036,
            0.0,
            894.3518554843511
        ],
        [
            2714.496080008052,
            0.0,
            831.5239212559775
        ],
        [
            373.5830177343969,
            0.0,
            -42.56440837673292
        ],
        [
            364.7193610277157,
            0.0,
            -49.02843757998808
        ],
        [
            359.92664463746314,
            0.0,
            -59.121679441785936
        ],
        [
            358.74677919499226,
            0.0,
            -68.617132825698
        ],
        [
            356.09495283039,
            0.0,
            -77.82438286759682
        ],
        [
            354.5161834468879,
            0.0,
            -86.85203321887464
        ],
        [
            354.5998182945234,
            0.0,
            -92.63486851877646
        ],
        [
            144.08673056977008,
            0.0,
            -97.99018610919406
        ],
        [
            138.90236973074988,
            0.0,
            -101.44028629288294
        ],
        [
            134.75709816015063,
            0.0,
            -103.63650175230504
        ],
        [
            131.560995857186,
            0.0,
            -106.47660244892063
        ],
        [
            128.14666116617008,
            0.0,
            -109.02520686503098
        ],
        [
            120.81440314484036,
            0.0,
            -119.24320732333557
        ],
        [
            1178.72807349973,
            0.0,
            -1801.0708977560032
        ],
        [
            580.7415067222556,
            0.0,
            -1369.1792668858102
        ],
        [
            541.0474359517436,
            0.0,
            -1373.5289347334638
        ],
        [
            505.24259864096433,
            0.0,
            -1376.4515897838635
        ],
        [
            466.64723542721595,
            0.0,
            -1378.402307081694
        ],
        [
            429.92876809435,
            0.0,
            -1380.6075671112608
        ],
        [
            391.7081270526428,
            0.0,
            -1380.243567527453
        ],
        [
            318.1708658981077,
            0.0,
            -1381.5869001237845
        ],
        [
            1.331493987079722,
            0.0,
            -542.4983660102234
        ],
        [
            -194.85235925925696,
            0.0,
            -3273.706280057987
        ],
        [
            -276.762090135212,
            0.0,
            -3276.582183917258
        ],
        [
            -359.9096997206933,
            0.0,
            -3278.051261122522
        ],
        [
            -441.4502042511051,
            0.0,
            -3277.150786837044
        ],
        [
            -522.6892404883693,
            0.0,
            -3271.2548846547697
        ],
        [
            -512.3091326497164,
            0.0,
            -1148.1362789772368
        ],
        [
            -347.2886307809109,
            0.0,
            -319.2783572845491
        ],
        [
            -338.8670374863774,
            0.0,
            -281.8327401229426
        ],
        [
            -348.241347118788,
            0.0,
            -274.22349763813423
        ],
        [
            -1573.1951281914482,
            0.0,
            -938.2777579878426
        ],
        [
            -1569.2007162365085,
            0.0,
            -883.8609122270477
        ],
        [
            -1565.9198383600947,
            0.0,
            -831.5191277597257
        ],
        [
            -1564.1325065158937,
            0.0,
            -780.3803573004053
