{
    "timestamp": 1776226957,
    "capture_id": 10,
    "lidar_points": [
        [
            -70.20619383636071,
            0.0,
            582.2828697008107
        ],
        [
            -55.22416690567121,
            0.0,
            588.6653156841963
        ],
        [
            -42.2765183917013,
            0.0,
            595.2505846218685
        ],
        [
            -27.898909310833496,
            0.0,
            601.3531831289046
        ],
        [
            -14.086477102326446,
            0.0,
            607.586729334048
        ],
        [
            -0.33761211044415884,
            0.0,
            618.999907930577
        ],
        [
            31.558581614495132,
            0.0,
            602.1736094570081
        ],
        [
            45.62730729637504,
            0.0,
            594.2509140328538
        ],
        [
            60.92824870923575,
            0.0,
            585.840207317
        ],
        [
            74.67788653360988,
            0.0,
            578.1973826150316
        ],
        [
            88.82350718417948,
            0.0,
            570.88128982434
        ],
        [
            102.17993163046117,
            0.0,
            563.3076526836772
        ],
        [
            114.85956991939906,
            0.0,
            556.0101992750948
        ],
        [
            128.33446773962703,
            0.0,
            549.7185774466665
        ],
        [
            141.49973740597486,
            0.0,
            542.8616990671198
        ],
        [
            153.82978563849264,
            0.0,
            534.8164610877412
        ],
        [
            165.5650655404318,
            0.0,
            527.10953232947
        ],
        [
            176.16789819377237,
            0.0,
            519.4392376842442
        ],
        [
            187.05886950573304,
            0.0,
            507.89816089373386
        ],
        [
            195.65432700519352,
            0.0,
            490.411443916376
        ],
        [
            208.12852548232001,
            0.0,
            450.4959260421289
        ],
        [
            213.88327580136422,
            0.0,
            432.2256434230593
        ],
        [
            890.9722055899031,
            0.0,
            1478.2572607182633
        ],
        [
            939.4683651944216,
            0.0,
            1474.6699430038307
        ],
        [
            977.6795650788071,
            0.0,
            1452.0306188325762
        ],
        [
            997.5046824270048,
            0.0,
            1327.4956340930844
        ],
        [
            1024.6662718733512,
            0.0,
            1296.1439325110339
        ],
        [
            1071.7631097395729,
            0.0,
            1290.8016497902997
        ],
        [
            1119.1038674568242,
            0.0,
            1281.0181629638116
        ],
        [
            1169.3070306873012,
            0.0,
            1273.9806240619387
        ],
        [
            1222.6047181728977,
            0.0,
            1268.811137680218
        ],
        [
            1278.9827857415416,
            0.0,
            1263.727436505517
        ],
        [
            1339.999928997009,
            0.0,
            1259.8574335169878
        ],
        [
            1403.5175086801912,
            0.0,
            1256.8192403158655
        ],
        [
            1469.5207608436608,
            0.0,
            1252.3195662247988
        ],
        [
            1537.9232206955446,
            0.0,
            1247.4703322105272
        ],
        [
            1612.5023337896305,
            0.0,
            1242.2143428261465
        ],
        [
            1689.9751600215768,
            0.0,
            1237.724331590054
        ],
        [
            1700.9621182572223,
            0.0,
            1119.8482585841282
        ],
        [
            1694.6446501501966,
            0.0,
            1055.0798890213564
        ],
        [
            1687.7218251778615,
            0.0,
            991.6659169389195
        ],
        [
            1682.2231854502672,
            0.0,
            934.2714898965695
        ],
        [
            406.1512584469062,
            0.0,
            163.96693344084483
        ],
        [
            402.9621037363879,
            0.0,
            150.78662225921946
        ],
        [
            402.740600988653,
            0.0,
            141.87673634285014
        ],
        [
            406.4951270275593,
            0.0,
            130.73144879044384
        ],
        [
            412.9957223467005,
            0.0,
            120.62170544030221
        ],
        [
            419.8748195198268,
            0.0,
            112.75060280633917
        ],
        [
            5029.610935127874,
            0.0,
            -155.04141782800687
        ],
        [
            422.58946406199976,
            0.0,
            -80.82825844834103
        ],
        [
            415.56752802325417,
            0.0,
            -90.22855508452876
        ],
        [
            412.85196705991154,
            0.0,
            -98.75982632002602
        ],
        [
            409.2403341384804,
            0.0,
            -118.31461834543047
        ],
        [
            156.39830917931,
            0.0,
            -102.96665181432752
        ],
        [
            153.3844850655784,
            0.0,
            -106.53056951489258
        ],
        [
            148.67650213046267,
            0.0,
            -108.8272034660936
        ],
        [
            143.78244833348953,
            0.0,
            -110.76487507882366
        ],
        [
            139.40523576056069,
            0.0,
            -113.07709866521377
        ],
        [
            135.6370272914683,
            0.0,
            -115.65318554857659
        ],
        [
            131.8269235999257,
            0.0,
            -118.11292145307112
        ],
        [
            123.57785857853452,
            0.0,
            -128.45845775636465
        ],
        [
            122.71541622683858,
            0.0,
            -134.06710677967865
        ],
        [
            1119.9847561516945,
            0.0,
            -1852.5055218508335
        ],
        [
            2203.8269242499923,
            0.0,
            -4546.804311871231
        ],
        [
            534.8777035427568,
            0.0,
            -1401.394249400513
        ],
        [
            496.13971186478227,
            0.0,
            -1404.7065347647283
        ],
        [
            455.718691870206,
            0.0,
            -1401.2575508735388
        ],
        [
            416.5455113352955,
            0.0,
            -1400.6217903082963
        ],
        [
            379.6725417929916,
            0.0,
            -1398.6330195975102
        ],
        [
            -5.969453070191352,
            0.0,
            -547.2174413613319
        ],
        [
            -239.90680356703953,
            0.0,
            -3289.0119774944947
        ],
        [
            -319.84622147831544,
            0.0,
            -3274.9181126565663
        ],
        [
            -401.09319288406965,
            0.0,
            -3274.022984131612
        ],
        [
            -484.63849917131165,
            0.0,
            -3273.317357837608
        ],
        [
            -567.2088064344886,
            0.0,
            -3268.9048980359103
        ],
        [
            -464.4957945310216,
            0.0,
            -1155.1054743455227
        ],
        [
            -350.1886675674996,
            0.0,
            -312.72695295944555
        ],
        [
            -342.89279567378975,
            0.0,
            -276.1242350374423
        ],
        [
            -349.57136034945205,
            0.0,
