{
    "timestamp": 1776227121,
    "capture_id": 14,
    "lidar_points": [
        [
            -58.70504413050697,
            0.0,
            567.4715568146436
        ],
        [
            -44.33232063909589,
            0.0,
            573.28844864235
        ],
        [
            -31.790041733460807,
            0.0,
            579.3785081849212
        ],
        [
            -18.240166803294713,
            0.0,
            591.7189335444557
        ],
        [
            11.952740646528092,
            0.0,
            576.6261306002675
        ],
        [
            26.59449425401725,
            0.0,
            569.8797968654205
        ],
        [
            39.54860358661217,
            0.0,
            563.3635331243486
        ],
        [
            52.538972563589674,
            0.0,
            556.7766328268117
        ],
        [
            67.45468157474913,
            0.0,
            549.3742949334717
        ],
        [
            78.88967308294613,
            0.0,
            543.0497048897696
        ],
        [
            93.69094890673796,
            0.0,
            535.6174647945631
        ],
        [
            106.20813830120582,
            0.0,
            527.9224198294594
        ],
        [
            117.1969872298136,
            0.0,
            521.2369218352196
        ],
        [
            129.9443085249894,
            0.0,
            514.5969677154758
        ],
        [
            141.93833594889443,
            0.0,
            508.04503618090666
        ],
        [
            152.8564783152635,
            0.0,
            500.9480607179305
        ],
        [
            164.05676208896824,
            0.0,
            493.44237638541307
        ],
        [
            173.65202620213904,
            0.0,
            483.246545560226
        ],
        [
            182.52721718779628,
            0.0,
            467.1039124067353
        ],
        [
            188.57316282127616,
            0.0,
            449.00908928838004
        ],
        [
            194.0912678162973,
            0.0,
            432.44026148991077
        ],
        [
            202.63328537766287,
            0.0,
            415.7475215284568
        ],
        [
            208.84887946349613,
            0.0,
            402.26571820979484
        ],
        [
            904.8647608346131,
            0.0,
            1371.9737660027317
        ],
        [
            955.4899501697183,
            0.0,
            1369.3443751024317
        ],
        [
            1005.0863689620475,
            0.0,
            1369.1981744534598
        ],
        [
            1056.5543092822384,
            0.0,
            1366.0973580009338
        ],
        [
            1107.374279034105,
            0.0,
            1362.168292148109
        ],
        [
            1160.6336460715333,
            0.0,
            1360.4291977558767
        ],
        [
            422.90354797732556,
            0.0,
            422.44248319527463
        ],
        [
            428.5281739840092,
            0.0,
            385.636945976304
        ],
        [
            433.64627055382437,
            0.0,
            372.6244416765483
        ],
        [
            471.5404850804799,
            0.0,
            366.5475868561484
        ],
        [
            1596.2409511856108,
            0.0,
            1074.1465569269662
        ],
        [
            1595.6402655947957,
            0.0,
            1018.9836629272179
        ],
        [
            1597.354120512453,
            0.0,
            962.1602653310352
        ],
        [
            1593.4774986561538,
            0.0,
            904.4166759721581
        ],
        [
            521.9273092097117,
            0.0,
            244.24566813171944
        ],
        [
            512.9173831162025,
            0.0,
            208.6979170888554
        ],
        [
            501.7396641466872,
            0.0,
            173.0689802418954
        ],
        [
            508.63948556866404,
            0.0,
            163.42868848658372
        ],
        [
            523.5155752380334,
            0.0,
            155.07237820834183
        ],
        [
            5010.8433619892,
            0.0,
            651.3507515991436
        ],
        [
            5010.962590824692,
            0.0,
            274.94756473825396
        ],
        [
            1594.5059607822661,
            0.0,
            -48.716563197969656
        ],
        [
            1591.6059320064876,
            0.0,
            -87.33016203901084
        ],
        [
            1585.8891048063547,
            0.0,
            -127.4234957003563
        ],
        [
            1580.7925526878703,
            0.0,
            -166.14799236393532
        ],
        [
            1580.4535143816124,
            0.0,
            -205.44038400180767
        ],
        [
            1578.9552258662948,
            0.0,
            -244.34700163807562
        ],
        [
            1576.8344766895607,
            0.0,
            -284.25005826412684
        ],
        [
            1572.3903671694836,
            0.0,
            -324.37444910568496
        ],
        [
            1569.9451210199852,
            0.0,
            -364.70588079374846
        ],
        [
            1568.4884079434792,
            0.0,
            -404.26993042635553
        ],
        [
            1565.0664688909374,
            0.0,
            -445.5440611805446
        ],
        [
            1564.9852534985946,
            0.0,
            -487.8132007561297
        ],
        [
            162.39255852027026,
            0.0,
            -93.22670989175046
        ],
        [
            159.41467315180677,
            0.0,
            -96.79468985384797
        ],
        [
            154.41182133095907,
            0.0,
            -99.14252081350351
        ],
        [
            150.4832910865724,
            0.0,
            -101.92076139704767
        ],
        [
            146.48376113127537,
            0.0,
            -104.6064420809515
        ],
        [
            143.07318084791868,
            0.0,
            -107.56888454408532
        ],
        [
            139.77182826754236,
            0.0,
            -110.62051583114523
        ],
        [
            132.14267986258298,
            0.0,
            -121.4848227505597
        ],
        [
            131.24493612090697,
            0.0,
            -126.81094882784785
        ],
        [
            614.7587681925696,
            0.0,
            -1352.8738510779024
        ],
        [
            578.7113470463541,
            0.0,
            -1360.263297784585
        ],
        [
            539.7937508179136,
            0.0,
            -1364.8856249070573
        ],
        [
            503.05996706823584,
            0.0,
            -1368.1979871470742
        ],
        [
            393.1110068151589,
            0.0,
            -1380.884426308289
        ],
        [
            296.36273257536,
            0.0,
            -1861.3037616790189
        ],
        [
            28.719355988315414,
            0.0,
            -547.9979571965724
        ],
        [
            -110.66291336374931,
            0.0,
            -3297.893840332925
        ],
        [
            -192.59352677938008,
            0.0,
            -3296.3785785984414
        ],
        [
            -273.29876494557266,
            0.0,
            -3299.9521735290687
        ],
        [
            -355.4476726083583,
            0.0,
            -3295.385744042312
        ],
        [
            -330.9681098703935,
            0.0,
            -338.2686399133374
        ],
        [
            -324.28328957920775,
            0.0,
            -298.12849259956306
        ],
        [
            -1525.6764936722548,
            0.0,
