{
    "timestamp": 1776226953,
    "capture_id": 2,
    "lidar_points": [
        [
            -63.61654408815691,
            0.0,
            585.3029111650476
        ],
        [
            -49.20877731412768,
            0.0,
            592.2090498592946
        ],
        [
            -36.59859945114669,
            0.0,
            598.3818116539093
        ],
        [
            -22.066957997515324,
            0.0,
            603.5967605651441
        ],
        [
            -5.932115209472569,
            0.0,
            604.220880563674
        ],
        [
            9.423375806716816,
            0.0,
            606.1767584528504
        ],
        [
            24.005996306361073,
            0.0,
            606.7753082001104
        ],
        [
            39.55193341234388,
            0.0,
            598.4444059921904
        ],
        [
            53.02110027029188,
            0.0,
            589.3698545278064
        ],
        [
            66.59775973028121,
            0.0,
            581.7000845787353
        ],
        [
            79.56991743180292,
            0.0,
            575.2731444626074
        ],
        [
            94.13774184844505,
            0.0,
            568.2552996318428
        ],
        [
            108.18755955826373,
            0.0,
            560.6571608004549
        ],
        [
            120.25169569466591,
            0.0,
            553.8457295877232
        ],
        [
            132.50598114194452,
            0.0,
            546.6702982251832
        ],
        [
            146.10264756632776,
            0.0,
            538.7922409186211
        ],
        [
            159.08067979509877,
            0.0,
            531.1907259317779
        ],
        [
            171.55401814450005,
            0.0,
            523.6126610945123
        ],
        [
            182.45142409600658,
            0.0,
            520.180776601115
        ],
        [
            204.67138588655246,
            0.0,
            461.39157588677097
        ],
        [
            214.8165982822255,
            0.0,
            425.61061030295394
        ],
        [
            911.4025157650382,
            0.0,
            1472.8100536923148
        ],
        [
            956.054853695091,
            0.0,
            1466.0607692814299
        ],
        [
            986.6850159751237,
            0.0,
            1432.286019533169
        ],
        [
            1005.7793692248626,
            0.0,
            1309.2779920405128
        ],
        [
            1046.483659682673,
            0.0,
            1293.7418405606115
        ],
        [
            1094.544125071003,
            0.0,
            1288.6460804940016
        ],
        [
            1144.517033278982,
            0.0,
            1280.9160093598166
        ],
        [
            1195.2886645115138,
            0.0,
            1272.7140324873778
        ],
        [
            1248.6410612401287,
            0.0,
            1266.4745359402712
        ],
        [
            1306.51637094607,
            0.0,
            1262.3769385369455
        ],
        [
            1367.3034610828813,
            0.0,
            1258.401489116559
        ],
        [
            1433.281960404529,
            0.0,
            1254.881596796666
        ],
        [
            1500.9100628095923,
            0.0,
            1250.3724378587788
        ],
        [
            1571.7572396545668,
            0.0,
            1246.0386198242238
        ],
        [
            1649.3214739685948,
            0.0,
            1242.1478325892058
        ],
        [
            1722.9619069656003,
            0.0,
            1233.9460400055837
        ],
        [
            1701.1772340753496,
            0.0,
            1092.9226954655771
        ],
        [
            1694.2215997061116,
            0.0,
            1028.0789043596135
        ],
        [
            1681.427218765106,
            0.0,
            964.6682113534373
        ],
        [
            1677.66546486693,
            0.0,
            906.1645272757194
        ],
        [
            410.0443172584236,
            0.0,
            173.52584932531894
        ],
        [
            405.31130035376924,
            0.0,
            158.63578507239987
        ],
        [
            403.0480473916856,
            0.0,
            146.9464919409428
        ],
        [
            404.33916529441007,
            0.0,
            137.25465168445004
        ],
        [
            408.9900753515106,
            0.0,
            126.13928120916857
        ],
        [
            414.96291340653994,
            0.0,
            117.39822399489887
        ],
        [
            423.12783181155527,
            0.0,
            107.21514793373274
        ],
        [
            434.5690488942149,
            0.0,
            100.32817023736375
        ],
        [
            3329.117950830149,
            0.0,
            -144.44283284563207
        ],
        [
            418.5435380367772,
            0.0,
            -84.55948656216434
        ],
        [
            413.635222445002,
            0.0,
            -94.30782180112999
        ],
        [
            414.2700273248028,
            0.0,
            -102.44953372420551
        ],
        [
            414.10415297873476,
            0.0,
            -113.01908239657875
        ],
        [
            146.76993836879387,
            0.0,
            -109.7230499540568
        ],
        [
            142.23399251401432,
            0.0,
            -111.93967738707896
        ],
        [
            137.87207229485577,
            0.0,
            -114.159063070446
        ],
        [
            133.8974166846509,
            0.0,
            -116.52352468569157
        ],
        [
            517.4463344194188,
            0.0,
            -1396.7317355154162
        ],
        [
            479.0877236389038,
            0.0,
            -1400.0482190119358
        ],
        [
            440.2155661753451,
            0.0,
            -1400.1786735259611
        ],
        [
            402.6802160446977,
            0.0,
            -1399.9890021375866
        ],
        [
            365.9898761669533,
            0.0,
            -1400.9837295783625
        ],
        [
            291.2326533334777,
            0.0,
            -1398.2423266845924
        ],
        [
            51.52221127721891,
            0.0,
            -1009.4359931392904
        ],
        [
            -12.214241420376696,
            0.0,
            -546.1134266858165
        ],
        [
            -349.51733032005563,
            0.0,
            -3273.89582696303
        ],
        [
            -430.7690658742244,
            0.0,
            -3272.015903748918
        ],
        [
            -513.4561689886019,
            0.0,
            -3270.6923311475734
        ],
        [
            -594.2854741449879,
            0.0,
            -3261.041603187587
        ],
        [
            -353.09227130508714,
            0.0,
            -309.82399914244013
        ],
        [
            -343.81577409868686,
            0.0,
            -272.5660947016718
        ],
        [
            -354.5212642465129,
            0.0,
            -265.63823745284526
        ],
        [
            -1604.1001580814611,
            0.0,
            -911.024283618736
        ],
        [
            -1596.7184491026967,
            0.0,
            -853.4637920234692
        ],
        [
            -1588.1474167187712,
            0.0,
            -798.8634709820534
        ],
        [
            -1584.6054148360527,
            0.0,
            -747.3484323073554
        ],
        [
            -1581.126853328424,
            0.0,
            -697.7721233925562
        ],
        [
            -1578.4837576887721,
            0.0,
            -649.7984508389761
