{
    "timestamp": 1776227300,
    "capture_id": 35,
    "lidar_points": [
        [
            -123.78015827304856,
            0.0,
            875.5435654026012
        ],
        [
            -103.16197937681659,
            0.0,
            884.0009083768282
        ],
        [
            -82.29759820069113,
            0.0,
            892.9656588191942
        ],
        [
            -61.847256934111044,
            0.0,
            902.1324621748881
        ],
        [
            -38.829496566893035,
            0.0,
            912.1739254091632
        ],
        [
            -17.0735229381185,
            0.0,
            920.5916887059548
        ],
        [
            5.576566213083179,
            0.0,
            929.4832714520853
        ],
        [
            29.156482127046296,
            0.0,
            937.5467452612564
        ],
        [
            52.523403721745204,
            0.0,
            938.5314550197465
        ],
        [
            73.53471648664087,
            0.0,
            931.1007708466519
        ],
        [
            97.58664850705975,
            0.0,
            918.8323274859018
        ],
        [
            119.2030450449621,
            0.0,
            905.4370196496324
        ],
        [
            139.91690765548495,
            0.0,
            892.8534714342138
        ],
        [
            161.40563029340845,
            0.0,
            881.5964411280185
        ],
        [
            181.17291264610193,
            0.0,
            869.8325274001472
        ],
        [
            200.6928220637048,
            0.0,
            858.6066932374252
        ],
        [
            220.65458804005166,
            0.0,
            850.3374640558154
        ],
        [
            250.86381323643985,
            0.0,
            795.6383661617083
        ],
        [
            264.6399226740009,
            0.0,
            769.251559197054
        ],
        [
            894.8907239063606,
            0.0,
            1504.1760717304176
        ],
        [
            929.0142422738663,
            0.0,
            1475.9635963167634
        ],
        [
            947.8292595091726,
            0.0,
            1348.1556641643033
        ],
        [
            987.3894062885895,
            0.0,
            1332.8592284442743
        ],
        [
            1034.8098852552732,
            0.0,
            1328.2253437869526
        ],
        [
            1082.3316323719548,
            0.0,
            1323.2341015735121
        ],
        [
            1133.7781610190905,
            0.0,
            1317.2665188169665
        ],
        [
            1189.0725999331405,
            0.0,
            1314.8189664696208
        ],
        [
            1244.7436247949947,
            0.0,
            1310.2541246003452
        ],
        [
            1304.0600196473408,
            0.0,
            1309.0483289998797
        ],
        [
            1371.5737931086146,
            0.0,
            1310.1320134084378
        ],
        [
            1438.0859608770124,
            0.0,
            1307.6975306348331
        ],
        [
            1508.497468151744,
            0.0,
            1305.5498414766776
        ],
        [
            1582.2461881978859,
            0.0,
            1305.0279690233695
        ],
        [
            1659.2363011840741,
            0.0,
            1301.4459110285732
        ],
        [
            1652.9968077281624,
            0.0,
            1167.5468368080592
        ],
        [
            1646.5629179516611,
            0.0,
            1102.798086562772
        ],
        [
            1641.0557595821076,
            0.0,
            1039.814193229921
        ],
        [
            1640.6192298213573,
            0.0,
            980.918341525112
        ],
        [
            1639.4548089425753,
            0.0,
            925.1995349302027
        ],
        [
            1634.9313603073551,
            0.0,
            871.5973896149193
        ],
        [
            1628.7928971052163,
            0.0,
            816.5278307195636
        ],
        [
            2682.872651912568,
            0.0,
            889.5485279733904
        ],
        [
            2715.3882351652105,
            0.0,
            827.7489322411503
        ],
        [
            2813.4652884673283,
            0.0,
            417.33815196966265
        ],
        [
            374.00956446674115,
            0.0,
            -43.23303930327586
        ],
        [
            364.8863667127194,
            0.0,
            -49.65885507329848
        ],
        [
            360.0760526762244,
            0.0,
            -59.75145428446822
        ],
        [
            360.2163544453329,
            0.0,
            -67.57535046238611
        ],
        [
            358.53260279884717,
            0.0,
            -76.0040967993444
        ],
        [
            355.17332082061574,
            0.0,
            -87.32110098513397
        ],
        [
            353.75181644274096,
            0.0,
            -95.82224357351119
        ],
        [
            143.48649861755942,
            0.0,
            -97.98309657524159
        ],
        [
            138.53455112553803,
            0.0,
            -101.51965644369417
        ],
        [
            134.58734301371223,
            0.0,
            -103.85685870711364
        ],
        [
            131.3865978873872,
            0.0,
            -106.69172599399646
        ],
        [
            127.99788202009019,
            0.0,
            -109.19983836238528
        ],
        [
            121.30366575682845,
            0.0,
            -124.04705024286407
        ],
        [
            1178.3109687329365,
            0.0,
            -1811.1940325276164
        ],
        [
            575.7870495179416,
            0.0,
            -1370.9990056916247
        ],
        [
            537.7657166598614,
            0.0,
            -1375.0855551511352
        ],
        [
            500.3596375742567,
            0.0,
            -1378.234122196428
        ],
        [
            462.886495703696,
            0.0,
            -1379.6697628763022
        ],
        [
            424.9580625601562,
            0.0,
            -1381.884115099786
        ],
        [
            387.8456805927391,
            0.0,
            -1379.5161209806702
        ],
        [
            -1.333334762176934,
            0.0,
            -543.2483637512514
        ],
        [
            -210.10719448086002,
            0.0,
            -3288.043875821517
        ],
        [
            -292.2379508871258,
            0.0,
            -3278.5010645203843
        ],
        [
            -372.0270806075863,
            0.0,
            -3273.1756619214
        ],
        [
            -456.0169602922805,
            0.0,
            -3270.6121131106006
        ],
        [
            -369.6548967395603,
            0.0,
            -1650.358088360361
        ],
        [
            -348.1687724897294,
            0.0,
            -318.6887287981723
        ],
        [
            -341.541589420045,
            0.0,
            -278.58554376785133
        ],
        [
            -1571.143698386657,
            0.0,
            -926.0515868567461
        ],
        [
            -1566.5884147805587,
            0.0,
            -870.6094423881103
        ],
        [
            -1565.5623482259973,
            0.0,
            -819.8701704032786
        ],
        [
            -1565.912206288376,
            0.0,
            -771.1609509026443
        ],
        [
            -1560.6747893088534,
            0.0,
            -719.9970586854968
        ],
        [
            -1555.195862496684,
            0.0,
            -669.672600434866
        ],
        [
            -1553.8256169961155,
            0.0,
