{
    "timestamp": 1775527160,
    "capture_id": 2,
    "lidar_points": [
        [
            350.890625,
            2542.75
        ],
        [
            352.3125,
            2538.75
        ],
        [
            355.875,
            1171.5
        ],
        [
            357.34375,
            1172.0
        ],
        [
            358.75,
            1179.75
        ],
        [
            0.140625,
            1188.0
        ],
        [
            1.609375,
            1199.75
        ],
        [
            3.0625,
            1211.5
        ],
        [
            4.453125,
            1197.75
        ],
        [
            5.90625,
            1168.25
        ],
        [
            23.875,
            2955.75
        ],
        [
            25.3125,
            2999.0
        ],
        [
            26.75,
            3017.5
        ],
        [
            32.578125,
            2654.5
        ],
        [
            38.546875,
            2343.5
        ],
        [
            40.015625,
            2289.25
        ],
        [
            41.453125,
            2223.75
        ],
        [
            42.921875,
            2169.5
        ],
        [
            44.390625,
            2122.0
        ],
        [
            50.25,
            1952.5
        ],
        [
            51.6875,
            1908.75
        ],
        [
            53.109375,
            1881.75
        ],
        [
            54.5625,
            1854.25
        ],
        [
            56.03125,
            1817.5
        ],
        [
            58.953125,
            1780.5
        ],
        [
            60.421875,
            1758.75
        ],
        [
            61.90625,
            1742.5
        ],
        [
            63.3125,
            1727.5
        ],
        [
            64.765625,
            1714.0
        ],
        [
            66.234375,
            1698.25
        ],
        [
            73.53125,
            306.75
        ],
        [
            74.75,
            311.75
        ],
        [
            80.046875,
            341.75
        ],
        [
            81.21875,
            348.75
        ],
        [
            82.71875,
            356.0
        ],
        [
            83.984375,
            361.0
        ],
        [
            85.46875,
            362.75
        ],
        [
            86.671875,
            362.75
        ],
        [
            88.0,
            362.0
        ],
        [
            89.953125,
            361.25
        ],
        [
            90.953125,
            361.0
        ],
        [
            104.09375,
            277.0
        ],
        [
            105.203125,
            282.25
        ],
        [
            106.484375,
            288.0
        ],
        [
            124.25,
            169.25
        ],
        [
            125.703125,
            166.5
        ],
        [
            127.140625,
            164.25
        ],
        [
            148.3125,
            224.25
        ],
        [
            156.84375,
            186.0
        ],
        [
            162.078125,
            508.0
        ],
        [
            163.609375,
            501.25
        ],
        [
            165.234375,
            498.75
        ],
        [
            166.65625,
            496.75
        ],
        [
            168.046875,
            495.75
        ],
        [
            169.40625,
            494.75
        ],
        [
            170.90625,
            493.5
        ],
        [
            172.21875,
            492.5
        ],
        [
            173.84375,
            492.0
        ],
        [
            175.421875,
            492.0
        ],
        [
            176.59375,
            492.5
        ],
        [
            178.234375,
            493.25
        ],
        [
            179.4375,
            494.75
        ],
        [
            180.953125,
            496.0
        ],
        [
            182.359375,
            497.75
        ],
        [
            183.734375,
            499.5
        ],
        [
            185.234375,
            501.25
        ],
        [
            186.890625,
            503.5
        ],
        [
            188.03125,
            506.25
        ],
        [
            189.5625,
            509.75
        ],
        [
            190.921875,
            514.0
        ],
        [
            192.421875,
            518.0
        ],
        [
            193.78125,
            522.75
        ],
        [
            195.375,
            528.25
        ],
        [
            196.828125,
            533.5
        ],
        [
            197.984375,
            538.75
        ],
        [
            199.484375,
            545.25
        ],
        [
            200.828125,
            552.5
        ],
        [
            202.3125,
            559.75
        ],
        [
            203.6875,
            566.75
        ],
        [
            205.265625,
            574.5
        ],
        [
            206.703125,
            583.0
        ],
        [
            208.0625,
            592.5
        ],
        [
            209.5,
            603.25
        ],
        [
            210.859375,
            614.25
        ],
        [
            212.171875,
            626.0
        ],
        [
            213.640625,
            638.75
        ],
        [
            214.96875,
            651.5
        ],
        [
            216.453125,
            666.0
        ],
        [
            217.8125,
            682.75
        ],
        [
            219.234375,
            698.5
        ],
        [
            220.609375,
            715.75
        ],
        [
            222.03125,
            735.0
        ],
        [
            223.375,
            756.0
        ],
        [
            224.828125,
            778.25
        ],
        [
            227.5,
            832.25
        ],
        [
            234.484375,
            988.25
        ],
        [
            235.90625,
            986.5
        ],
        [
            237.484375,
            973.75
        ],
        [
            238.9375,
            963.0
        ],
        [
            240.34375,
            953.25
        ],
        [
            241.796875,
            943.75
        ],
        [
            243.234375,
            934.25
        ],
        [
            244.65625,
            926.5
        ],
        [
            246.1875,
            919.75
        ],
        [
            247.65625,
            911.25
        ],
        [
            249.078125,
            903.25
        ],
        [
            250.5625,
            897.5
        ],
        [
            251.921875,
            892.75
        ],
        [
            253.46875,
            889.5
        ],
        [
            254.84375,
            885.75
        ],
        [
            256.25,
            882.75
        ],
        [
            257.78125,
            881.0
        ],
        [
            259.140625,
            879.0
        ],
        [
            260.671875,
            877.5
        ],
        [
            262.078125,
            877.0
        ],
        [
            263.59375,
            876.75
        ],
        [
            265.03125,
            877.25
        ],
        [
            266.4375,
            878.25
        ],
        [
            267.921875,
            880.0
        ],
        [
            269.265625,
            882.0
        ],
        [
            270.78125,
            883.0
        ],
        [
            272.15625,
            884.75
        ],
        [
            273.6875,
            888.75
        ],
        [
            275.0,
            893.75
        ],
        [
            276.453125,
            897.5
        ],
        [
            277.75,
            903.25
        ],
        [
            279.25,
            909.75
