{
    "timestamp": 1776227300,
    "capture_id": 32,
    "lidar_points": [
        [
            -126.16736972188237,
            0.0,
            875.2027521194514
        ],
        [
            -104.30861906745224,
            0.0,
            883.3628710718156
        ],
        [
            -82.6923068709085,
            0.0,
            891.9249098911677
        ],
        [
            -62.674953839733526,
            0.0,
            899.8198987359567
        ],
        [
            -39.72635704297994,
            0.0,
            909.883167805677
        ],
        [
            -18.815519089811133,
            0.0,
            919.8075756599208
        ],
        [
            3.8011937913786777,
            0.0,
            929.2422253781627
        ],
        [
            27.35940270665545,
            0.0,
            937.3508017724928
        ],
        [
            51.01478669301249,
            0.0,
            939.1154037383618
        ],
        [
            72.3037425833411,
            0.0,
            931.6986738256323
        ],
        [
            95.0805622727232,
            0.0,
            919.0950368040852
        ],
        [
            116.58206032372048,
            0.0,
            906.5344026625115
        ],
        [
            138.77607335642685,
            0.0,
            893.5375000321876
        ],
        [
            159.96290606777436,
            0.0,
            881.8593602056693
        ],
        [
            179.22435969192605,
            0.0,
            869.9808569118168
        ],
        [
            200.04701168710022,
            0.0,
            859.014082023724
        ],
        [
            218.45655353750016,
            0.0,
            844.708816229899
        ],
        [
            235.49675190037115,
            0.0,
            822.9685776774074
        ],
        [
            249.36384964825183,
            0.0,
            798.467231944182
        ],
        [
            263.2355827710774,
            0.0,
            771.3183700413023
        ],
        [
            890.9416375986145,
            0.0,
            1505.9376019254912
        ],
        [
            925.5161081615066,
            0.0,
            1479.3393571231647
        ],
        [
            949.1621435205361,
            0.0,
            1357.9071351927942
        ],
        [
            981.8234597320842,
            0.0,
            1332.9302096958118
        ],
        [
            1030.0151951564278,
            0.0,
            1328.7852573861837
        ],
        [
            1081.1584177309346,
            0.0,
            1325.4835818558984
        ],
        [
            1132.1437921120696,
            0.0,
            1319.0009463537556
        ],
        [
            1185.3402745360115,
            0.0,
            1317.175931135584
        ],
        [
            1241.5240314552545,
            0.0,
            1313.3052355865684
        ],
        [
            1302.8123267319086,
            0.0,
            1309.937514278979
        ],
        [
            1369.070313972593,
            0.0,
            1312.747895789205
        ],
        [
            1432.4606556297285,
            0.0,
            1308.3028969137263
        ],
        [
            1499.5859347349349,
            0.0,
            1302.8523609162905
        ],
        [
            1574.817810554172,
            0.0,
            1301.0674179539521
        ],
        [
            1650.7792574832445,
            0.0,
            1298.452119087596
        ],
        [
            1654.6673225348843,
            0.0,
            1172.1118181450252
        ],
        [
            1653.964217834582,
            0.0,
            1109.7163730534207
        ],
        [
            1644.7626828811906,
            0.0,
            1046.5686632999618
        ],
        [
            1639.7089793725213,
            0.0,
            983.4116447170659
        ],
        [
            1636.744250222885,
            0.0,
            928.9737667783336
        ],
        [
            1634.217739289499,
            0.0,
            872.9346728659134
        ],
        [
            1629.9113079002689,
            0.0,
            818.201192176371
        ],
        [
            2681.176373453894,
            0.0,
            893.8581078295508
        ],
        [
            2714.0301997906236,
            0.0,
            832.1908658021104
        ],
        [
            2834.0407591938388,
            0.0,
            425.13061255102383
        ],
        [
            373.51287181804696,
            0.0,
            -43.17562490845079
        ],
        [
            364.58430067236304,
            0.0,
            -50.02287180124677
        ],
        [
            360.19686567849857,
            0.0,
            -57.45241905599506
        ],
        [
            358.98778570575126,
            0.0,
            -67.34487518795778
        ],
        [
            356.00984775399377,
            0.0,
            -78.21277582453013
        ],
        [
            354.81077866805464,
            0.0,
            -84.56875215449715
        ],
        [
            353.64075185952976,
            0.0,
            -95.27476646114906
        ],
        [
            144.08673056977008,
            0.0,
            -97.99018610919406
        ],
        [
            138.90236973074988,
            0.0,
            -101.44028629288294
        ],
        [
            134.75709816015063,
            0.0,
            -103.63650175230504
        ],
        [
            131.59002795365595,
            0.0,
            -106.44072079404594
        ],
        [
            128.17638841362995,
            0.0,
            -108.99025623072124
        ],
        [
            120.8469171922727,
            0.0,
            -119.21025587223603
        ],
        [
            1177.198414025451,
            0.0,
            -1800.8764932709746
        ],
        [
            579.8160187169975,
            0.0,
            -1370.114391917394
        ],
        [
            542.446417215058,
            0.0,
            -1373.7834197756747
        ],
        [
            503.7408225769481,
            0.0,
            -1377.001904925879
        ],
        [
            467.10334972401904,
            0.0,
            -1378.5117738621607
        ],
        [
            429.1756995681449,
            0.0,
            -1380.8418515167455
        ],
        [
            392.7687545020689,
            0.0,
            -1379.6821936543552
        ],
        [
            320.5796836501147,
            0.0,
            -1385.1359965471954
        ],
        [
            -0.7397193951614304,
            0.0,
            -542.4994956819927
        ],
        [
            -197.5456464185433,
            0.0,
            -3273.7953173772303
        ],
        [
            -280.65582358042064,
            0.0,
            -3280.014681169948
        ],
        [
            -362.4265016541761,
            0.0,
            -3276.2648081922066
        ],
        [
            -444.2172736048963,
            0.0,
            -3270.7218738882448
        ],
        [
            -526.1778852575818,
            0.0,
            -3270.1891222933664
        ],
        [
            -512.097816715688,
            0.0,
            -1148.5042777957015
        ],
        [
            -347.20154820307374,
            0.0,
            -319.37305369330807
        ],
        [
            -339.4044254260675,
            0.0,
            -281.1853454595402
        ],
        [
            -348.7165506404429,
            0.0,
            -273.2137758412474
        ],
        [
            -1572.5098399080255,
            0.0,
            -938.4505132890258
        ],
        [
            -1569.0059795931459,
            0.0,
            -883.1876844708337
        ],
        [
            -1565.9257089484422,
            0.0,
