{
    "timestamp": 1776226957,
    "capture_id": 9,
    "lidar_points": [
        [
            -64.25497254508647,
            0.0,
            585.2331680648579
        ],
        [
            -49.6932606876831,
            0.0,
            592.1685928367241
        ],
        [
            -34.625761618463805,
            0.0,
            598.2487936739541
        ],
        [
            -20.42927549328878,
            0.0,
            603.9045514009804
        ],
        [
            -4.598625183345846,
            0.0,
            602.2324427880178
        ],
        [
            9.05151079516975,
            0.0,
            603.4321172694779
        ],
        [
            25.484677010334988,
            0.0,
            606.464781531194
        ],
        [
            38.37743805118017,
            0.0,
            598.0198447782715
        ],
        [
            53.18182399162228,
            0.0,
            589.3553733503446
        ],
        [
            66.62619600685264,
            0.0,
            581.9484620700157
        ],
        [
            81.3819383532609,
            0.0,
            574.5146147922314
        ],
        [
            94.52049274821387,
            0.0,
            567.684883056291
        ],
        [
            109.62003694228174,
            0.0,
            559.869357529748
        ],
        [
            121.90197358818345,
            0.0,
            552.7168432708613
        ],
        [
            134.7701091361193,
            0.0,
            545.6015191359336
        ],
        [
            145.80876026885792,
            0.0,
            538.8718474079517
        ],
        [
            159.0074713478553,
            0.0,
            531.4735991143501
        ],
        [
            170.33394607907417,
            0.0,
            523.7479444476427
        ],
        [
            183.83562406401055,
            0.0,
            520.4886774224735
        ],
        [
            206.2388603801206,
            0.0,
            458.50092144848423
        ],
        [
            210.20952470190184,
            0.0,
            440.4043093846841
        ],
        [
            217.60047076898783,
            0.0,
            423.632030919659
        ],
        [
            875.5758207438856,
            0.0,
            1483.6558039615088
        ],
        [
            915.2916473217609,
            0.0,
            1468.334520074706
        ],
        [
            958.9121915691579,
            0.0,
            1459.1104854876598
        ],
        [
            991.1115997568211,
            0.0,
            1420.3949439601208
        ],
        [
            1010.3548909952301,
            0.0,
            1301.9550661378512
        ],
        [
            1053.7848835133927,
            0.0,
            1292.6436019950222
        ],
        [
            1100.8565394386278,
            0.0,
            1283.2577457686389
        ],
        [
            1149.231816421339,
            0.0,
            1276.3512377574245
        ],
        [
            1203.235084830393,
            0.0,
            1270.718430901668
        ],
        [
            1259.7966017356182,
            0.0,
            1266.686532752041
        ],
        [
            1318.1672043264891,
            0.0,
            1263.249098134682
        ],
        [
            1379.719822455329,
            0.0,
            1256.6870230983668
        ],
        [
            1443.239043041952,
            0.0,
            1251.8271904058286
        ],
        [
            1512.860898207152,
            0.0,
            1248.4927523521508
        ],
        [
            1584.738081595579,
            0.0,
            1243.7103612741853
        ],
        [
            1659.934858966865,
            0.0,
            1238.827197992785
        ],
        [
            1705.9186165057108,
            0.0,
            1207.0197746347167
        ],
        [
            1705.9691102855497,
            0.0,
            1143.9341741339533
        ],
        [
            1699.8914482874468,
            0.0,
            1077.743766643633
        ],
        [
            1692.8168776399311,
            0.0,
            1015.8907821598708
        ],
        [
            1682.0532392343266,
            0.0,
            953.477398988203
        ],
        [
            1680.1561516800455,
            0.0,
            895.7071541367192
        ],
        [
            408.3547533699887,
            0.0,
            169.1460771053697
        ],
        [
            403.326405432131,
            0.0,
            156.8450610672719
        ],
        [
            403.6081898697121,
            0.0,
            143.1729428701332
        ],
        [
            406.04989045515373,
            0.0,
            132.91368989444857
        ],
        [
            410.52500878436314,
            0.0,
            123.67610788910919
        ],
        [
            416.8530013240269,
            0.0,
            116.21591021521479
        ],
        [
            5012.934440923194,
            0.0,
            -114.85361773171621
        ],
        [
            426.6795361804081,
            0.0,
            -77.9976660219511
        ],
        [
            417.6338108777358,
            0.0,
            -86.5115599890535
        ],
        [
            413.4025106046564,
            0.0,
            -95.3227503053019
        ],
        [
            412.4492501433722,
            0.0,
            -105.58730300642216
        ],
        [
            412.5254861567721,
            0.0,
            -116.83015779805672
        ],
        [
            411.44444867359164,
            0.0,
            -127.51089426274224
        ],
        [
            157.90768880063908,
            0.0,
            -102.48523951106579
        ],
        [
            154.07843579426154,
            0.0,
            -105.52439586746576
        ],
        [
            149.99366745869324,
            0.0,
            -108.29081088573925
        ],
        [
            145.04127586496904,
            0.0,
            -110.35438729593831
        ],
        [
            140.53270114297703,
            0.0,
            -112.47470786562953
        ],
        [
            136.32845132208217,
            0.0,
            -114.83734523282341
        ],
        [
            132.72036721769015,
            0.0,
            -117.4856017799691
        ],
        [
            1149.0146738818494,
            0.0,
            -1879.6207806906657
        ],
        [
            2232.948281602566,
            0.0,
            -4549.846155002183
        ],
        [
            501.13049279893386,
            0.0,
            -1395.7640306251976
        ],
        [
            464.14069620100247,
            0.0,
            -1401.1243392825809
        ],
        [
            425.81351139491954,
            0.0,
            -1400.9678497430014
        ],
        [
            387.6485373742023,
            0.0,
            -1399.2971848294562
        ],
        [
            276.45361999423,
            0.0,
            -1391.8097556749938
        ],
        [
            146.89473305278503,
            0.0,
            -1906.3488498701781
        ],
        [
            -300.58281730927666,
            0.0,
            -3271.2191870827637
        ],
        [
            -382.19195112383005,
            0.0,
            -3275.0247136466255
        ],
        [
            -465.4624391131585,
            0.0,
            -3273.0690059598237
        ],
        [
            -546.2059386688285,
            0.0,
            -3258.5387940859173
        ],
        [
            -627.573107087318,
            0.0,
            -3252.2533815434444
        ],
        [
            -462.4210598464072,
            0.0,
            -1168.3146037821
        ],
        [
            -347.38498035013725,
            0.0,
            -316.58123037718883
        ],
