{
    "timestamp": 1775891948,
    "capture_id": 2,
    "lidar_points": [
        [
            -364.79303738806647,
            0.0,
            7263.845747252153
        ],
        [
            -181.73897514997077,
            0.0,
            7242.2200460156855
        ],
        [
            -1.967858707231007,
            0.0,
            7215.999731674891
        ],
        [
            177.25515831386474,
            0.0,
            7220.574642738009
        ],
        [
            186.24825288214916,
            0.0,
            442.12176015024073
        ],
        [
            193.54864618941482,
            0.0,
            431.86164920984214
        ],
        [
            206.91067582902238,
            0.0,
            378.3708957200292
        ],
        [
            218.21204593769366,
            0.0,
            373.705854259317
        ],
        [
            221.78868481492242,
            0.0,
            336.4799834879736
        ],
        [
            227.0547882351225,
            0.0,
            307.19720561799335
        ],
        [
            232.11077841181017,
            0.0,
            282.985134848217
        ],
        [
            238.505677732385,
            0.0,
            274.97462008231906
        ],
        [
            242.02916354772026,
            0.0,
            266.16150452759103
        ],
        [
            245.76448163700465,
            0.0,
            252.69758519957094
        ],
        [
            250.14189355766337,
            0.0,
            243.01357078851913
        ],
        [
            254.8644308441196,
            0.0,
            239.88355902500484
        ],
        [
            262.62179165106056,
            0.0,
            233.6280046355465
        ],
        [
            267.8462297394233,
            0.0,
            228.00539404666742
        ],
        [
            272.704887541623,
            0.0,
            218.99111126004806
        ],
        [
            276.5484877880537,
            0.0,
            211.24614529534193
        ],
        [
            282.5016237405082,
            0.0,
            202.7878080259668
        ],
        [
            287.23292188552466,
            0.0,
            196.02885268527208
        ],
        [
            292.16310841242006,
            0.0,
            188.60217544554592
        ],
        [
            297.26289068027796,
            0.0,
            180.938591307673
        ],
        [
            301.5974696675542,
            0.0,
            175.11575825758436
        ],
        [
            307.63152169670235,
            0.0,
            166.92167881545933
        ],
        [
            312.2719554665369,
            0.0,
            162.99168177887233
        ],
        [
            320.1139396196718,
            0.0,
            154.6199070662414
        ],
        [
            326.5948490115268,
            0.0,
            149.05302613210517
        ],
        [
            334.7916531953595,
            0.0,
            142.8654925120762
        ],
        [
            558.6087240333743,
            0.0,
            115.87296247962878
        ],
        [
            552.3472304833927,
            0.0,
            99.5695710411865
        ],
        [
            547.0031059498014,
            0.0,
            86.1780980369744
        ],
        [
            550.3109804097514,
            0.0,
            71.9918387073015
        ],
        [
            549.4890761670309,
            0.0,
            57.60212819942411
        ],
        [
            539.1517471586291,
            0.0,
            41.54462703885652
        ],
        [
            527.7141093696648,
            0.0,
            28.81091411568634
        ],
        [
            524.5739077842129,
            0.0,
            13.593298790216528
        ],
        [
            525.4999218376709,
            0.0,
            -0.2866157738906395
        ],
        [
            528.8980302150123,
            0.0,
            -10.3862233116724
        ],
        [
            695.9853350031674,
            0.0,
            -164.88473537756255
        ],
        [
            697.4110295505983,
            0.0,
            -185.85187209488754
        ],
        [
            658.4010417458383,
            0.0,
            -210.55790350398854
        ],
        [
            619.8248706812514,
            0.0,
            -234.63736314783745
        ],
        [
            608.0613426956609,
            0.0,
            -246.83084495084907
        ],
        [
            600.9475850582168,
            0.0,
            -263.05512732637874
        ],
        [
            331.4936693448543,
            0.0,
            -556.4997840828731
        ],
        [
            308.68646931570123,
            0.0,
            -551.1993524682396
        ],
        [
            288.76404582658597,
            0.0,
            -549.2135976447245
        ],
        [
            271.582542383787,
            0.0,
            -547.3243304224275
        ],
        [
            253.5846542838099,
            0.0,
            -546.5355186186536
        ],
        [
            235.866333368295,
            0.0,
            -545.7080930162172
        ],
        [
            202.9661100265495,
            0.0,
            -547.8620453003572
        ],
        [
            185.93425721917788,
            0.0,
            -543.8437408781613
        ],
        [
            156.0796527313758,
            0.0,
            -544.3144353250731
        ],
        [
            141.1639128724057,
            0.0,
            -540.3656166916543
        ],
        [
            125.85701878680139,
            0.0,
            -539.7713157644622
        ],
        [
            111.36978113717163,
            0.0,
            -539.1168907105939
        ],
        [
            97.33511937419149,
            0.0,
            -538.2702616125212
        ],
        [
            -2.868334422970496,
            0.0,
            -876.4953066945869
        ],
        [
            -23.68558239186225,
            0.0,
            -895.186708562386
        ],
        [
            -1038.3335683073233,
            0.0,
            -8161.968724727275
        ],
        [
            -1234.060397638529,
            0.0,
            -8091.182082828209
        ],
        [
            -1438.9229339309197,
            0.0,
            -8083.174243619126
        ],
        [
            -106.60555650839498,
            0.0,
            -280.687224186523
        ],
        [
            -115.22346499147719,
            0.0,
            -277.5316254327745
        ],
        [
            -118.99974340662597,
            0.0,
            -278.65401678274293
        ],
        [
            -129.16990871487803,
            0.0,
            -277.40067534631214
        ],
        [
            -137.684695030081,
            0.0,
            -276.9088067477696
        ],
        [
            -143.8426961502506,
            0.0,
            -277.4266187016428
        ],
        [
            -153.87771603735496,
            0.0,
            -276.00298640979804
        ],
        [
            -161.9095778812053,
            0.0,
            -275.7269502430437
        ],
        [
            -169.68555371780636,
            0.0,
            -275.71883388604675
        ],
        [
            -179.0029274495368,
            0.0,
            -275.14725959837557
        ],
        [
            -187.62985552306372,
            0.0,
            -275.4098760327854
        ],
        [
            -198.67524853012287,
            0.0,
            -272.82667688753224
        ],
        [
            -238.4638944366974,
            0.0,
            -219.7112503948845
        ],
        [
            -238.48533092982652,
            0.0,
            -206.1730084935735
        ],
        [
            -237.45707933680595,
            0.0,
