{
    "timestamp": 1776226953,
    "capture_id": 3,
    "lidar_points": [
        [
            -62.07281446354906,
            0.0,
            585.9714397516092
        ],
        [
            -47.91666150835599,
            0.0,
            592.3149973197485
        ],
        [
            -34.34239037254138,
            0.0,
            599.0163605641335
        ],
        [
            -20.289737884709165,
            0.0,
            604.6596782790876
        ],
        [
            -3.121807376886242,
            0.0,
            602.491912243394
        ],
        [
            10.355088062451891,
            0.0,
            602.6610445774796
        ],
        [
            26.081600442132334,
            0.0,
            604.9380134512767
        ],
        [
            39.97475761887668,
            0.0,
            597.414078552985
        ],
        [
            54.76569474739561,
            0.0,
            588.9592249713346
        ],
        [
            68.15473750369017,
            0.0,
            581.2680055325625
        ],
        [
            82.68475064046433,
            0.0,
            573.5708169106272
        ],
        [
            96.40664851805833,
            0.0,
            566.6068483715278
        ],
        [
            108.80882961347467,
            0.0,
            559.7729013610303
        ],
        [
            123.50487839442651,
            0.0,
            552.1047070192193
        ],
        [
            135.51393228587318,
            0.0,
            545.4172477621328
        ],
        [
            148.46583245306823,
            0.0,
            537.6271562095961
        ],
        [
            160.3839336079629,
            0.0,
            530.2763372435513
        ],
        [
            170.90516500466765,
            0.0,
            523.5618273659065
        ],
        [
            185.19637768707014,
            0.0,
            520.2714331880888
        ],
        [
            206.71664337748217,
            0.0,
            458.5599517519458
        ],
        [
            211.49438063977584,
            0.0,
            440.6208000739384
        ],
        [
            216.20825300488374,
            0.0,
            424.90534690984555
        ],
        [
            875.148337937156,
            0.0,
            1489.4198993587513
        ],
        [
            915.2736021397503,
            0.0,
            1471.8796811309428
        ],
        [
            958.9769917754035,
            0.0,
            1463.5532760188123
        ],
        [
            987.4931086389831,
            0.0,
            1425.9549818947714
        ],
        [
            1006.1858613914211,
            0.0,
            1301.705640625408
        ],
        [
            1048.089264090526,
            0.0,
            1292.119559869821
        ],
        [
            1097.7036384972541,
            0.0,
            1285.9557863822106
        ],
        [
            1145.2763787052356,
            0.0,
            1277.5523781355587
        ],
        [
            1198.0553156325336,
            0.0,
            1271.4843532991783
        ],
        [
            1254.9310906171786,
            0.0,
            1268.6954748096086
        ],
        [
            1311.8057101592215,
            0.0,
            1262.6544821500695
        ],
        [
            1371.5201658010333,
            0.0,
            1256.766683717032
        ],
        [
            1435.9333024198243,
            0.0,
            1253.7482257222532
        ],
        [
            1503.1463109985386,
            0.0,
            1248.0746092407635
        ],
        [
            1573.3115972640355,
            0.0,
            1244.4784521696185
        ],
        [
            1651.0751932012904,
            0.0,
            1240.648326035755
        ],
        [
            1702.1878395816875,
            0.0,
            1214.8593010222323
        ],
        [
            1707.3882419763895,
            0.0,
            1154.3597321289299
        ],
        [
            1696.3503680024737,
            0.0,
            1086.5567997016408
        ],
        [
            1690.8316878407618,
            0.0,
            1021.6107151912416
        ],
        [
            1682.442208494877,
            0.0,
            960.3779347605198
        ],
        [
            1677.8509004552377,
            0.0,
            902.13156237965
        ],
        [
            409.8281950975559,
            0.0,
            171.46111221813436
        ],
        [
            404.077216162651,
            0.0,
            159.04296865389
        ],
        [
            403.36767546807835,
            0.0,
            146.06682849805094
        ],
        [
            405.6127579643869,
            0.0,
            134.24177098252125
        ],
        [
            409.67384899709276,
            0.0,
            124.76137201837457
        ],
        [
            415.65250150373305,
            0.0,
            117.71575083092833
        ],
        [
            3323.5503465400125,
            0.0,
            -151.46647818498508
        ],
        [
            418.8859356451621,
            0.0,
            -82.84668320866658
        ],
        [
            413.2367042711551,
            0.0,
            -94.92853229200327
        ],
        [
            413.4627347831139,
            0.0,
            -104.6461511268735
        ],
        [
            413.7944017908192,
            0.0,
            -114.14795463160125
        ],
        [
            411.58378206988647,
            0.0,
            -123.62788050050932
        ],
        [
            146.4500933569117,
            0.0,
            -109.73317709677345
        ],
        [
            142.11180066940955,
            0.0,
            -112.0947639744962
        ],
        [
            137.74746207165936,
            0.0,
            -114.30939022152451
        ],
        [
            133.77022959919663,
            0.0,
            -116.66951475419025
        ],
        [
            518.0341027085452,
            0.0,
            -1395.980540133333
        ],
        [
            478.70590190531266,
            0.0,
            -1400.178817858998
        ],
        [
            440.5973893008287,
            0.0,
            -1400.058571289535
        ],
        [
            402.61111012123024,
            0.0,
            -1399.7487431703414
        ],
        [
            366.6906190042151,
            0.0,
            -1400.542056646035
        ],
        [
            292.3764900696714,
            0.0,
            -1398.0035946143125
        ],
        [
            50.94642695185296,
            0.0,
            -1008.9645801914156
        ],
        [
            -9.831263364418517,
            0.0,
            -546.161522592593
        ],
        [
            -344.13383319293223,
            0.0,
            -3274.2147100261977
        ],
        [
            -425.4791199962142,
            0.0,
            -3273.2121961381063
        ],
        [
            -507.3648378864463,
            0.0,
            -3272.654730303284
        ],
        [
            -589.3041645065513,
            0.0,
            -3263.9778130672453
        ],
        [
            -350.6310045955323,
            0.0,
            -312.60671956362006
        ],
        [
            -344.11289297088524,
            0.0,
            -272.19088778136586
        ],
        [
            -351.59928329832064,
            0.0,
            -264.94906394268924
        ],
        [
            -1602.7276729433634,
            0.0,
            -915.4545695344754
        ],
        [
            -1596.7488053920817,
            0.0,
            -861.3340321727455
        ],
        [
            -1591.0958254411892,
            0.0,
            -806.3362429927234
        ],
        [
            -1586.25466526937,
            0.0,
