{
    "timestamp": 1776227299,
    "capture_id": 31,
    "lidar_points": [
        [
            -108.28091161547331,
            0.0,
            881.8772557333147
        ],
        [
            -86.99661699531785,
            0.0,
            890.7618024092467
        ],
        [
            -66.31845408510017,
            0.0,
            899.0573466958392
        ],
        [
            -45.13490402280366,
            0.0,
            908.6296841611836
        ],
        [
            -23.054471414565967,
            0.0,
            918.7107767669839
        ],
        [
            0.2528000307101189,
            0.0,
            926.9999655297429
        ],
        [
            23.231970028669785,
            0.0,
            935.9617182708847
        ],
        [
            45.95296746429907,
            0.0,
            940.6281875859478
        ],
        [
            69.87464148177858,
            0.0,
            933.3882013812864
        ],
        [
            92.1221497361455,
            0.0,
            919.8987767836151
        ],
        [
            113.21297723096654,
            0.0,
            907.7171279019145
        ],
        [
            134.68551407001507,
            0.0,
            896.1857367754163
        ],
        [
            155.69488669109512,
            0.0,
            884.3998542843882
        ],
        [
            177.16059394741114,
            0.0,
            873.2096678073374
        ],
        [
            196.92139487631658,
            0.0,
            861.5312105431618
        ],
        [
            215.769207951781,
            0.0,
            846.6892649608008
        ],
        [
            233.4822507125298,
            0.0,
            826.1405985679504
        ],
        [
            248.7242460107601,
            0.0,
            801.0229784134652
        ],
        [
            261.0074378844472,
            0.0,
            774.4499208270322
        ],
        [
            885.2145575011575,
            0.0,
            1504.6721402644596
        ],
        [
            921.2294284604756,
            0.0,
            1479.65716979927
        ],
        [
            943.2877763343945,
            0.0,
            1358.952255790509
        ],
        [
            977.1391939208198,
            0.0,
            1332.649708552015
        ],
        [
            1025.3766761287413,
            0.0,
            1329.5276123688345
        ],
        [
            1074.3435451368239,
            0.0,
            1325.2252438822773
        ],
        [
            1127.1362559664092,
            0.0,
            1322.6257683056176
        ],
        [
            1180.3205342535528,
            0.0,
            1316.644028930906
        ],
        [
            1235.0423400632624,
            0.0,
            1312.8886732130266
        ],
        [
            1297.4575010434685,
            0.0,
            1313.836474979302
        ],
        [
            1361.3436184928787,
            0.0,
            1311.767434566324
        ],
        [
            1424.8249396766169,
            0.0,
            1307.7575812342
        ],
        [
            1495.2742872220151,
            0.0,
            1306.2790880867285
        ],
        [
            1568.023997991003,
            0.0,
            1303.3885612987065
        ],
        [
            1639.9773429108168,
            0.0,
            1297.2105899734158
        ],
        [
            1668.2054684672662,
            0.0,
            1252.8086755270772
        ],
        [
            1659.1168594014935,
            0.0,
            1181.3897787562428
        ],
        [
            1652.5895595080274,
            0.0,
            1115.3415666534913
        ],
        [
            1643.604493985592,
            0.0,
            1050.244979683486
        ],
        [
            1638.035645447415,
            0.0,
            989.1013468010597
        ],
        [
            1635.5126373307633,
            0.0,
            930.6349851748382
        ],
        [
            1632.0891486814787,
            0.0,
            876.3796327826009
        ],
        [
            1628.1223923230464,
            0.0,
            821.7551570366204
        ],
        [
            2719.8215213908315,
            0.0,
            838.0255913629742
        ],
        [
            373.35776908767394,
            0.0,
            -42.33247880617388
        ],
        [
            359.8555627269869,
            0.0,
            -58.00193078203177
        ],
        [
            358.9141102755425,
            0.0,
            -67.73642997025854
        ],
        [
            355.81710176417823,
            0.0,
            -76.74757385181913
        ],
        [
            354.71831739151753,
            0.0,
            -84.95574028240001
        ],
        [
            354.29477319767636,
            0.0,
            -93.79479561685217
        ],
        [
            144.22020997192234,
            0.0,
            -97.79362727527099
        ],
        [
            139.04055829527567,
            0.0,
            -101.25079332498113
        ],
        [
            135.0966650327333,
            0.0,
            -103.60479524150149
        ],
        [
            131.7060584551272,
            0.0,
            -106.2971150418233
        ],
        [
            128.32488162055472,
            0.0,
            -108.81538152793756
        ],
        [
            1181.1245124139741,
            0.0,
            -1798.3039610073852
        ],
        [
            583.4710250351309,
            0.0,
            -1369.3771624152541
        ],
        [
            543.9381826128057,
            0.0,
            -1374.268988770349
        ],
        [
            506.42462814106403,
            0.0,
            -1377.3490283919268
        ],
        [
            468.23098558387517,
            0.0,
            -1378.1291645339898
        ],
        [
            431.20718292432355,
            0.0,
            -1380.7326371873987
        ],
        [
            394.7545092886637,
            0.0,
            -1380.9355306806565
        ],
        [
            203.20986079843692,
            0.0,
            -1860.1834089611377
        ],
        [
            1.7753239297907708,
            0.0,
            -542.4970951304203
        ],
        [
            -195.55644910567088,
            0.0,
            -3300.712033063954
        ],
        [
            -276.05729497336256,
            0.0,
            -3278.89960503398
        ],
        [
            -357.79595931364133,
            0.0,
            -3275.264815858228
        ],
        [
            -439.69596999239985,
            0.0,
            -3277.6388534999464
        ],
        [
            -520.8263488381667,
            0.0,
            -3271.0457008204435
        ],
        [
            -346.5039585615537,
            0.0,
            -320.1297693142158
        ],
        [
            -338.82695159678383,
            0.0,
            -283.0521981395494
        ],
        [
            -347.4461802532243,
            0.0,
            -274.8274946715557
        ],
        [
            -1571.6997510599426,
            0.0,
            -940.2936469625402
        ],
        [
            -1567.5347797469838,
            0.0,
            -886.3042800210183
        ],
        [
            -1565.2258562834138,
            0.0,
            -833.8886429385243
        ],
        [
            -1563.5038944596372,
            0.0,
            -782.197950975038
        ],
        [
            -1560.9868646971283,
            0.0,
            -734.128740918804
        ],
        [
            -1558.359546473556,
            0.0,
            -686.2019283088122
        ],
        [
            -1555.252480539778,
            0.0,
            -639.2432805864039
        ],
        [
            -1552.978394044002,
            0.0,
