{
    "timestamp": 1775527231,
    "capture_id": 5,
    "lidar_points": [
        [
            355.296875,
            920.0
        ],
        [
            356.890625,
            895.75
        ],
        [
            358.28125,
            875.75
        ],
        [
            359.734375,
            860.0
        ],
        [
            1.21875,
            851.5
        ],
        [
            2.625,
            845.5
        ],
        [
            4.1875,
            835.75
        ],
        [
            5.640625,
            828.5
        ],
        [
            7.046875,
            820.25
        ],
        [
            8.453125,
            810.5
        ],
        [
            9.90625,
            802.5
        ],
        [
            11.40625,
            795.0
        ],
        [
            12.8125,
            790.75
        ],
        [
            14.265625,
            786.5
        ],
        [
            24.453125,
            2969.25
        ],
        [
            25.90625,
            3019.25
        ],
        [
            27.34375,
            3000.5
        ],
        [
            30.265625,
            2807.75
        ],
        [
            36.21875,
            2449.0
        ],
        [
            37.640625,
            2383.75
        ],
        [
            39.140625,
            2322.5
        ],
        [
            40.609375,
            2265.75
        ],
        [
            42.03125,
            2205.75
        ],
        [
            43.5,
            2153.25
        ],
        [
            44.96875,
            2105.0
        ],
        [
            46.421875,
            2054.0
        ],
        [
            47.875,
            2011.75
        ],
        [
            49.375,
            1977.75
        ],
        [
            50.828125,
            1946.25
        ],
        [
            53.765625,
            1855.75
        ],
        [
            56.671875,
            1815.75
        ],
        [
            58.109375,
            1778.25
        ],
        [
            59.65625,
            1767.75
        ],
        [
            61.109375,
            1758.75
        ],
        [
            62.546875,
            1738.25
        ],
        [
            64.015625,
            1722.25
        ],
        [
            65.484375,
            1707.75
        ],
        [
            66.90625,
            1695.0
        ],
        [
            73.765625,
            309.0
        ],
        [
            74.875,
            313.5
        ],
        [
            80.265625,
            344.75
        ],
        [
            81.5625,
            352.25
        ],
        [
            83.203125,
            358.5
        ],
        [
            84.671875,
            361.5
        ],
        [
            86.171875,
            362.25
        ],
        [
            87.734375,
            362.0
        ],
        [
            89.25,
            361.0
        ],
        [
            90.1875,
            360.5
        ],
        [
            91.890625,
            360.5
        ],
        [
            103.671875,
            279.0
        ],
        [
            104.953125,
            279.75
        ],
        [
            105.90625,
            285.0
        ],
        [
            107.734375,
            290.5
        ],
        [
            112.421875,
            317.5
        ],
        [
            123.546875,
            171.0
        ],
        [
            125.0,
            167.25
        ],
        [
            126.453125,
            164.75
        ],
        [
            127.890625,
            164.75
        ],
        [
            136.578125,
            168.25
        ],
        [
            146.140625,
            228.0
        ],
        [
            157.78125,
            185.0
        ],
        [
            162.9375,
            502.0
        ],
        [
            164.609375,
            500.0
        ],
        [
            165.890625,
            498.0
        ],
        [
            167.515625,
            496.0
        ],
        [
            169.015625,
            495.0
        ],
        [
            170.53125,
            494.0
        ],
        [
            171.6875,
            493.0
        ],
        [
            173.15625,
            492.75
        ],
        [
            174.6875,
            492.5
        ],
        [
            176.09375,
            492.5
        ],
        [
            177.515625,
            493.0
        ],
        [
            179.0625,
            493.75
        ],
        [
            180.578125,
            495.25
        ],
        [
            181.9375,
            496.75
        ],
        [
            183.21875,
            498.75
        ],
        [
            184.609375,
            500.5
        ],
        [
            186.3125,
            502.75
        ],
        [
            187.703125,
            505.5
        ],
        [
            189.046875,
            508.5
        ],
        [
            190.34375,
            512.0
        ],
        [
            191.90625,
            516.0
        ],
        [
            193.40625,
            520.25
        ],
        [
            194.78125,
            525.5
        ],
        [
            196.171875,
            531.0
        ],
        [
            197.4375,
            536.75
        ],
        [
            198.9375,
            542.75
        ],
        [
            200.34375,
            549.25
        ],
        [
            201.6875,
            556.5
        ],
        [
            203.203125,
            564.25
        ],
        [
            204.609375,
            571.75
        ],
        [
            206.109375,
            579.5
        ],
        [
            207.59375,
            588.25
        ],
        [
            208.78125,
            598.75
        ],
        [
            210.265625,
            609.75
        ],
        [
            211.71875,
            620.75
        ],
        [
            213.15625,
            633.5
        ],
        [
            214.609375,
            646.75
        ],
        [
            215.9375,
            659.5
        ],
        [
            217.203125,
            675.0
        ],
        [
            218.734375,
            691.25
        ],
        [
            220.125,
            709.25
        ],
        [
            221.421875,
            729.0
        ],
        [
            222.828125,
            748.5
        ],
        [
            224.25,
            770.25
        ],
        [
            227.0,
            821.25
        ],
        [
            236.9375,
            979.5
        ],
        [
            238.375,
            966.5
        ],
        [
            239.84375,
            955.75
        ],
        [
            241.328125,
            947.25
        ],
        [
            242.734375,
            938.0
        ],
        [
            244.1875,
            929.75
        ],
        [
            245.671875,
            922.75
        ],
        [
            247.21875,
            914.25
        ],
        [
            248.703125,
            905.75
        ],
        [
            250.078125,
            899.5
        ],
        [
            251.515625,
            894.0
        ],
        [
            252.96875,
            890.75
        ],
        [
            254.421875,
            887.75
        ],
        [
            255.84375,
            884.25
        ],
        [
            257.25,
            881.75
        ],
        [
            258.71875,
            880.25
        ],
        [
            260.28125,
            879.0
        ],
        [
            261.59375,
            877.75
        ],
        [
            263.046875,
            877.0
        ],
        [
            264.5,
            877.0
        ],
        [
            265.984375,
            877.0
        ],
