{
    "timestamp": 1776227121,
    "capture_id": 15,
    "lidar_points": [
        [
            -58.55028808890221,
            0.0,
            567.4875450304672
        ],
        [
            -45.11398004351073,
            0.0,
            573.2274668965485
        ],
        [
            -32.738004621857336,
            0.0,
            579.3257162886689
        ],
        [
            11.795489820704953,
            0.0,
            576.6293687628905
        ],
        [
            25.506572214888717,
            0.0,
            569.9295261467392
        ],
        [
            39.70223568502021,
            0.0,
            563.3527269674046
        ],
        [
            54.664306299988695,
            0.0,
            556.5719864642317
        ],
        [
            66.70552610972425,
            0.0,
            549.4657612503484
        ],
        [
            79.7781300825353,
            0.0,
            542.9198950678949
        ],
        [
            93.31291702168522,
            0.0,
            535.1759168879931
        ],
        [
            105.82183807188017,
            0.0,
            527.4900364813432
        ],
        [
            117.90760466023697,
            0.0,
            521.0766347316729
        ],
        [
            127.97868249239714,
            0.0,
            515.0893314052527
        ],
        [
            142.1480097371358,
            0.0,
            507.72680235316625
        ],
        [
            152.3099379157173,
            0.0,
            501.11450319473926
        ],
        [
            165.40180571442835,
            0.0,
            492.9931466728584
        ],
        [
            173.12478278396162,
            0.0,
            483.43568298792974
        ],
        [
            183.41856389316004,
            0.0,
            466.7546254932786
        ],
        [
            188.08325778949043,
            0.0,
            449.2145235177644
        ],
        [
            195.15205023988744,
            0.0,
            431.96258783275255
        ],
        [
            201.49875781118303,
            0.0,
            416.29857146109714
        ],
        [
            208.3001806984841,
            0.0,
            402.55011765118
        ],
        [
            904.3529933551396,
            0.0,
            1372.0117440858874
        ],
        [
            956.2366695121974,
            0.0,
            1368.823032528391
        ],
        [
            1005.4597224625486,
            0.0,
            1368.9240287559917
        ],
        [
            1056.1147388471004,
            0.0,
            1367.0690942267406
        ],
        [
            1107.374279034105,
            0.0,
            1362.168292148109
        ],
        [
            1161.0046024206504,
            0.0,
            1360.1126334455053
        ],
        [
            422.08102934871624,
            0.0,
            421.85088261603545
        ],
        [
            428.48448363054086,
            0.0,
            405.95087115052326
        ],
        [
            429.3810671380006,
            0.0,
            387.67789359651624
        ],
        [
            435.6111183557797,
            0.0,
            372.252540038113
        ],
        [
            472.8018258139051,
            0.0,
            369.80872894922
        ],
        [
            1596.8265697979323,
            0.0,
            1073.2757828197603
        ],
        [
            1597.5163580587505,
            0.0,
            1016.5056496324584
        ],
        [
            1597.5682717553157,
            0.0,
            962.2892585292295
        ],
        [
            1593.418685941639,
            0.0,
            905.5326906258108
        ],
        [
            518.5104699425277,
            0.0,
            240.92520636076887
        ],
        [
            512.2994401038993,
            0.0,
            222.42197209185804
        ],
        [
            513.541123190686,
            0.0,
            207.15833869783924
        ],
        [
            501.12473564965666,
            0.0,
            174.08115728033795
        ],
        [
            508.40146989923556,
            0.0,
            163.35221273155958
        ],
        [
            523.6127852732837,
            0.0,
            153.859395547864
        ],
        [
            4996.641266785632,
            0.0,
            648.119048520314
        ],
        [
            5011.461839862334,
            0.0,
            274.9749581391445
        ],
        [
            1594.545283301257,
            0.0,
            -47.412044901205356
        ],
        [
            1592.8061491170338,
            0.0,
            -88.26739961597083
        ],
        [
            1587.1350893324438,
            0.0,
            -127.52360844053571
        ],
        [
            1580.679301378915,
            0.0,
            -164.8287253250017
        ],
        [
            1579.8454356379862,
            0.0,
            -206.2376347658731
        ],
        [
            1578.2607359098693,
            0.0,
            -245.5618292512863
        ],
        [
            1576.3553994391293,
            0.0,
            -285.4954547083069
        ],
        [
            1571.8796598159095,
            0.0,
            -325.61003909127345
        ],
        [
            1569.9451210199852,
            0.0,
            -364.70588079374846
        ],
        [
            1567.0784054412275,
            0.0,
            -405.7300009856062
        ],
        [
            1563.7427681272343,
            0.0,
            -445.6282701195863
        ],
        [
            1565.3838209535443,
            0.0,
            -486.53268707958586
        ],
        [
            162.39255852027026,
            0.0,
            -93.22670989175046
        ],
        [
            159.38827056752154,
            0.0,
            -96.83815986218731
        ],
        [
            154.62774911374322,
            0.0,
            -98.80541080334258
        ],
        [
            150.45549091525749,
            0.0,
            -101.96179555818382
        ],
        [
            146.48376113127537,
            0.0,
            -104.6064420809515
        ],
        [
            143.44340446625955,
            0.0,
            -107.90847842097057
        ],
        [
            140.1638951070025,
            0.0,
            -110.93081180823118
        ],
        [
            132.14267986258298,
            0.0,
            -121.4848227505597
        ],
        [
            131.24493612090697,
            0.0,
            -126.81094882784785
        ],
        [
            613.6517452480338,
            0.0,
            -1353.3763466065313
        ],
        [
            577.3248059767052,
            0.0,
            -1361.1239173579897
        ],
        [
            538.3045707055026,
            0.0,
            -1365.473636383202
        ],
        [
            501.4811782300697,
            0.0,
            -1368.5111902651659
        ],
        [
            426.2102976530727,
            0.0,
            -1369.9826074350283
        ],
        [
            386.69491623723906,
            0.0,
            -1363.994906242789
        ],
        [
            293.97946842685405,
            0.0,
            -1856.1133140634124
        ],
        [
            27.511203218390477,
            0.0,
            -547.8096235896887
        ],
        [
            -118.63085744414305,
            0.0,
            -3294.114567249
        ],
        [
            -199.5123765888393,
            0.0,
            -3291.4588044798425
        ],
        [
            -281.8920050633842,
            0.0,
            -3294.461890427835
        ],
        [
            -364.22018798222155,
            0.0,
            -3300.715712866862
        ],
        [
            -460.47752763944277,
            0.0,
            -1184.1159979237955
