{
    "timestamp": 1776227121,
    "capture_id": 17,
    "lidar_points": [
        [
            -59.58122406256245,
            0.0,
            566.8774803599158
        ],
        [
            -46.96918735832596,
            0.0,
            572.8275987929513
        ],
        [
            -32.723899492765625,
            0.0,
            579.076114515171
        ],
        [
            -19.021772305442177,
            0.0,
            585.9413235797249
        ],
        [
            -4.149621880735597,
            0.0,
            585.2352886986968
        ],
        [
            11.013994861944461,
            0.0,
            576.8948707669198
        ],
        [
            25.051264186044442,
            0.0,
            570.1999619981406
        ],
        [
            37.44711518993796,
            0.0,
            564.2587735817242
        ],
        [
            50.91400791848796,
            0.0,
            557.429660403603
        ],
        [
            64.99499957069723,
            0.0,
            550.4259373710555
        ],
        [
            77.85287313607397,
            0.0,
            543.1993120802514
        ],
        [
            91.74929006570984,
            0.0,
            535.699839249965
        ],
        [
            103.32720272036194,
            0.0,
            528.4938402460195
        ],
        [
            117.1969872298136,
            0.0,
            521.2369218352196
        ],
        [
            127.27621961565002,
            0.0,
            515.263356372592
        ],
        [
            140.89636060553386,
            0.0,
            508.59441411414986
        ],
        [
            153.07536587371018,
            0.0,
            501.6654087762378
        ],
        [
            162.4624466810535,
            0.0,
            494.49590839399855
        ],
        [
            174.57420460186555,
            0.0,
            482.9141715539377
        ],
        [
            180.99764857737196,
            0.0,
            467.69872910823926
        ],
        [
            189.40477995675474,
            0.0,
            448.9302750200006
        ],
        [
            195.6231321272831,
            0.0,
            431.74945301263733
        ],
        [
            200.59005640742717,
            0.0,
            416.7371824909138
        ],
        [
            207.31590896032773,
            0.0,
            403.3390185587716
        ],
        [
            904.688075549826,
            0.0,
            1370.892313771564
        ],
        [
            955.203832502352,
            0.0,
            1368.934330372651
        ],
        [
            1006.2062051092195,
            0.0,
            1368.3754319629184
        ],
        [
            1056.4875098335694,
            0.0,
            1366.7810327794512
        ],
        [
            1107.0588776444627,
            0.0,
            1361.7803205468135
        ],
        [
            411.1838118703068,
            0.0,
            432.82429790366916
        ],
        [
            424.1256872692587,
            0.0,
            422.2791155129258
        ],
        [
            428.6892590902185,
            0.0,
            386.2052810885417
        ],
        [
            1597.4418119970198,
            0.0,
            1132.229507336599
        ],
        [
            1594.4665041239941,
            0.0,
            1069.1663246317705
        ],
        [
            1594.1268336255641,
            0.0,
            1012.5175990149178
        ],
        [
            548.5823056933858,
            0.0,
            289.96155586582273
        ],
        [
            549.5643900786109,
            0.0,
            273.8155969946276
        ],
        [
            544.8391579458508,
            0.0,
            239.73496713841334
        ],
        [
            553.5499413733106,
            0.0,
            225.58263431745897
        ],
        [
            5011.782686177049,
            0.0,
            636.1904640404152
        ],
        [
            4998.173910018208,
            0.0,
            256.4763687229329
        ],
        [
            1596.8512412734087,
            0.0,
            -53.58335323189089
        ],
        [
            1594.5053296608912,
            0.0,
            -93.59656074350333
        ],
        [
            1590.9081337212117,
            0.0,
            -133.50490650043918
        ],
        [
            1586.7025053794155,
            0.0,
            -172.02081101624373
        ],
        [
            1583.7376706485175,
            0.0,
            -211.139889809595
        ],
        [
            1580.452325979914,
            0.0,
            -252.5286029436674
        ],
        [
            1576.8950580056921,
            0.0,
            -292.26022400803157
        ],
        [
            1572.7627739966013,
            0.0,
            -331.1643387058992
        ],
        [
            1569.6565294680856,
            0.0,
            -371.41268085272037
        ],
        [
            1568.3067514336874,
            0.0,
            -412.9007095023142
        ],
        [
            1565.1377940296506,
            0.0,
            -454.34430578582015
        ],
        [
            1564.9455781034317,
            0.0,
            -492.9562861699972
        ],
        [
            153.97776196013115,
            0.0,
            -99.81532358184883
        ],
        [
            149.8028278549028,
            0.0,
            -102.47615706433552
        ],
        [
            145.79445607890602,
            0.0,
            -105.13819038130694
        ],
        [
            142.9415977298384,
            0.0,
            -108.57232445904921
        ],
        [
            139.45279998804938,
            0.0,
            -111.42336638018568
        ],
        [
            1261.6871529440396,
            0.0,
            -1752.594014053444
        ],
        [
            644.1787591477048,
            0.0,
            -1347.7102020697637
        ],
        [
            603.2408616412731,
            0.0,
            -1350.9332747572303
        ],
        [
            567.608508093946,
            0.0,
            -1360.8713501060138
        ],
        [
            531.1719331535566,
            0.0,
            -1363.7040101979292
        ],
        [
            492.78900686478545,
            0.0,
            -1369.0083983355319
        ],
        [
            419.2521723651685,
            0.0,
            -1372.6507853300077
        ],
        [
            -55.717254281904715,
            0.0,
            -3295.0289585336404
        ],
        [
            -136.61633157283032,
            0.0,
            -3293.918113804225
        ],
        [
            -218.20335085967915,
            0.0,
            -3301.5471918743806
        ],
        [
            -300.87645295583775,
            0.0,
            -3304.0790581577667
        ],
        [
            -384.76805635771535,
            0.0,
            -3304.9275491766393
        ],
        [
            -293.56497324111217,
            0.0,
            -1678.2680563562976
        ],
        [
            -336.1651158129036,
            0.0,
            -1177.192030813366
        ],
        [
            -325.1389654153492,
            0.0,
            -343.18685241226297
        ],
        [
            -325.9617425723501,
            0.0,
            -295.92060570226766
        ],
        [
            -1523.756093836286,
            0.0,
            -996.643330884617
        ],
        [
            -1522.4313358003037,
            0.0,
            -940.9611523720322
        ],
        [
            -1525.1821399432683,
            0.0,
            -892.2490907801881
        ],
        [
            -1525.6557477533481,
            0.0,
            -840.7963721063336
        ],
        [
            -1521.1989873394116,
            0.0,
