{
    "timestamp": 1776227299,
    "capture_id": 28,
    "lidar_points": [
        [
            -105.51302099184346,
            0.0,
            883.2198211097704
        ],
        [
            -85.85383281999108,
            0.0,
            891.6261446874004
        ],
        [
            -63.16572011531498,
            0.0,
            899.7855810148959
        ],
        [
            -40.955735041304244,
            0.0,
            909.5784066078231
        ],
        [
            -20.069694231796028,
            0.0,
            919.7810649135164
        ],
        [
            3.289938748431078,
            0.0,
            927.9941682483956
        ],
        [
            24.783239197291874,
            0.0,
            936.6721897520443
        ],
        [
            48.4921993962598,
            0.0,
            940.0000367541022
        ],
        [
            71.05227178499001,
            0.0,
            932.0456733305465
        ],
        [
            93.85263898616441,
            0.0,
            919.4725361071601
        ],
        [
            116.11935781927141,
            0.0,
            906.8458288152623
        ],
        [
            137.1079957410822,
            0.0,
            894.0479000052868
        ],
        [
            158.45578839470267,
            0.0,
            883.1473974508519
        ],
        [
            178.8642477309609,
            0.0,
            871.8414883931812
        ],
        [
            198.1624930968287,
            0.0,
            860.4769760601671
        ],
        [
            215.99249825513317,
            0.0,
            842.761674910236
        ],
        [
            233.1738023152474,
            0.0,
            820.771308230161
        ],
        [
            248.41844322173333,
            0.0,
            798.5000560847134
        ],
        [
            262.2330705593782,
            0.0,
            771.1316792254097
        ],
        [
            887.6753854419281,
            0.0,
            1503.2216977480482
        ],
        [
            923.1137189350414,
            0.0,
            1478.1876147546081
        ],
        [
            947.7298783273559,
            0.0,
            1355.8580826272398
        ],
        [
            979.6813787950839,
            0.0,
            1330.7819678828548
        ],
        [
            1028.7180492519306,
            0.0,
            1330.1057947183383
        ],
        [
            1080.2315066552403,
            0.0,
            1326.5615155466216
        ],
        [
            1130.3442316645944,
            0.0,
            1320.5434413310975
        ],
        [
            1183.902753544195,
            0.0,
            1318.4681528768424
        ],
        [
            1240.994144245143,
            0.0,
            1313.4620413050638
        ],
        [
            1301.0304307528884,
            0.0,
            1311.0029817872091
        ],
        [
            1363.6648849566893,
            0.0,
            1308.9931795223608
        ],
        [
            1426.2379695103643,
            0.0,
            1305.4759684984451
        ],
        [
            1497.8080519172538,
            0.0,
            1304.8958922503516
        ],
        [
            1573.0717803301,
            0.0,
            1303.9615548125219
        ],
        [
            1649.203521028148,
            0.0,
            1300.8566393835868
        ],
        [
            1653.183917563399,
            0.0,
            1173.771351119856
        ],
        [
            1651.3005725147398,
            0.0,
            1110.5432991164698
        ],
        [
            1645.5316368214035,
            0.0,
            1047.6885008054028
        ],
        [
            1640.3493219648778,
            0.0,
            986.2302479286294
        ],
        [
            1635.9836876647603,
            0.0,
            930.3125139945242
        ],
        [
            1633.0259404440399,
            0.0,
            875.1621794483918
        ],
        [
            1629.464709939552,
            0.0,
            819.6467282077151
        ],
        [
            2720.2781888805052,
            0.0,
            836.5420342702433
        ],
        [
            373.4830773499129,
            0.0,
            -41.21229711189334
        ],
        [
            365.47605903480655,
            0.0,
            -49.028693357936874
        ],
        [
            361.01566761617937,
            0.0,
            -57.078347345068536
        ],
        [
            358.4825174642781,
            0.0,
            -68.66793045136546
        ],
        [
            356.3058615193488,
            0.0,
            -76.85299634337382
        ],
        [
            355.1690279988201,
            0.0,
            -84.14250739295397
        ],
        [
            354.84170084451966,
            0.0,
            -92.6980573786119
        ],
        [
            144.16685037391932,
            0.0,
            -97.87227264789533
        ],
        [
            139.01294125490267,
            0.0,
            -101.28870698977738
        ],
        [
            135.06840618458278,
            0.0,
            -103.6416332887347
        ],
        [
            131.67706551673595,
            0.0,
            -106.33302834444821
        ],
        [
            128.26551295269655,
            0.0,
            -108.88535570489556
        ],
        [
            1179.8472462034574,
            0.0,
            -1800.6368423771958
        ],
        [
            581.8791738945888,
            0.0,
            -1369.7827161589355
        ],
        [
            543.2875615028192,
            0.0,
            -1373.7198360715042
        ],
        [
            505.9627862659142,
            0.0,
            -1377.2524174653072
        ],
        [
            467.9355016150777,
            0.0,
            -1378.4935360125
        ],
        [
            430.9795522315734,
            0.0,
            -1381.3274867164096
        ],
        [
            394.8919347053003,
            0.0,
            -1381.4162741204061
        ],
        [
            204.14254971649106,
            0.0,
            -1859.326778539816
        ],
        [
            -0.14801209996534495,
            0.0,
            -542.7499798179805
        ],
        [
            -196.85762442925235,
            0.0,
            -3307.39665571036
        ],
        [
            -276.20411164748606,
            0.0,
            -3280.6434355487377
        ],
        [
            -357.09232429852386,
            0.0,
            -3277.1019700227635
        ],
        [
            -440.75632778259717,
            0.0,
            -3278.757679673751
        ],
        [
            -521.9546364545685,
            0.0,
            -3272.384821499999
        ],
        [
            -345.6296526614606,
            0.0,
            -321.0735207100051
        ],
        [
            -340.21229311499485,
            0.0,
            -281.38558174404886
        ],
        [
            -347.2962334363367,
            0.0,
            -275.0169562789421
        ],
        [
            -1571.6577695266858,
            0.0,
            -940.8506353223145
        ],
        [
            -1567.4862533097296,
            0.0,
            -887.4054361930773
        ],
        [
            -1565.2189989718909,
            0.0,
            -834.4330696691208
        ],
        [
            -1562.659312879298,
            0.0,
            -784.4412800660097
        ],
        [
            -1561.891784618692,
            0.0,
            -734.5543227975976
        ],
        [
            -1559.2331046799782,
            0.0,
            -686.0789861743591
        ],
        [
            -1555.0780961482826,
            0.0,
            -639.6673861311305
        ],
        [
            -1552.097429790578,
            0.0,
