{
    "timestamp": 1776227123,
    "capture_id": 25,
    "lidar_points": [
        [
            -64.03438020508143,
            0.0,
            566.1401422366648
        ],
        [
            -49.75881799187523,
            0.0,
            572.3410784069683
        ],
        [
            -35.17430574908287,
            0.0,
            577.6801283712899
        ],
        [
            -19.94512541108329,
            0.0,
            575.6545769576892
        ],
        [
            -8.024710643259771,
            0.0,
            576.9441948915787
        ],
        [
            7.891234408878289,
            0.0,
            578.6961991576445
        ],
        [
            21.82358476569781,
            0.0,
            571.33334722207
        ],
        [
            36.23201598240331,
            0.0,
            564.5886144068537
        ],
        [
            49.43778808403702,
            0.0,
            558.0644833792577
        ],
        [
            62.22622696626325,
            0.0,
            551.500586289392
        ],
        [
            76.24813506212467,
            0.0,
            544.6891057287157
        ],
        [
            87.56451261268427,
            0.0,
            537.6662706836863
        ],
        [
            101.59091080475983,
            0.0,
            530.3576970704388
        ],
        [
            114.8697060428672,
            0.0,
            523.5465123879876
        ],
        [
            124.75714720401024,
            0.0,
            517.1650164323926
        ],
        [
            138.31661305652347,
            0.0,
            510.07917478816165
        ],
        [
            148.6296068893403,
            0.0,
            503.78249518608743
        ],
        [
            160.3588747150683,
            0.0,
            496.7585241343293
        ],
        [
            171.74721084011935,
            0.0,
            487.1089668325144
        ],
        [
            180.20415106386523,
            0.0,
            471.7536051153734
        ],
        [
            188.419939659408,
            0.0,
            453.1373840666261
        ],
        [
            193.87723862552457,
            0.0,
            436.09537814902535
        ],
        [
            200.29528779005932,
            0.0,
            419.92780354377265
        ],
        [
            206.3355524715173,
            0.0,
            404.6834593682743
        ],
        [
            894.3668819069228,
            0.0,
            1375.5611375173726
        ],
        [
            941.6103957250751,
            0.0,
            1371.6537191151663
        ],
        [
            990.6787629532944,
            0.0,
            1368.2547829747684
        ],
        [
            1040.022333516099,
            0.0,
            1364.6067595786444
        ],
        [
            1094.1142293777352,
            0.0,
            1363.2380764463574
        ],
        [
            1150.1451364762866,
            0.0,
            1365.3877572103627
        ],
        [
            1206.711763740287,
            0.0,
            1362.4414553480108
        ],
        [
            1269.8196208648828,
            0.0,
            1363.2047280091738
        ],
        [
            1336.9387459542206,
            0.0,
            1367.9208135218778
        ],
        [
            511.655290552613,
            0.0,
            451.6803224068115
        ],
        [
            514.2369230145712,
            0.0,
            432.21343050454374
        ],
        [
            517.332606544051,
            0.0,
            411.04444614462074
        ],
        [
            735.5081756422189,
            0.0,
            459.0389129076693
        ],
        [
            746.7418743538062,
            0.0,
            441.5119738880978
        ],
        [
            757.3764645326492,
            0.0,
            421.9832828110906
        ],
        [
            771.37735753002,
            0.0,
            405.5727090054305
        ],
        [
            2676.753390819376,
            0.0,
            990.8250840773934
        ],
        [
            2683.248352166143,
            0.0,
            918.1907648183347
        ],
        [
            3123.65904764278,
            0.0,
            737.322455971199
        ],
        [
            3320.3506758657954,
            0.0,
            112.32297973947732
        ],
        [
            1601.3095095267372,
            0.0,
            -37.56217777553014
        ],
        [
            1596.617078749262,
            0.0,
            -77.56386946364297
        ],
        [
            1588.216941338185,
            0.0,
            -116.71845289576083
        ],
        [
            1587.362214412963,
            0.0,
            -155.9044587366687
        ],
        [
            1588.0738426261153,
            0.0,
            -194.9909494482358
        ],
        [
            1580.8873450428537,
            0.0,
            -234.94310967414532
        ],
        [
            1573.5107837079559,
            0.0,
            -274.35629399518945
        ],
        [
            1573.5845602682332,
            0.0,
            -313.4515619444751
        ],
        [
            1575.1745630378327,
            0.0,
            -354.1685276228993
        ],
        [
            1571.9356458017585,
            0.0,
            -393.7493815332391
        ],
        [
            1567.5817710162828,
            0.0,
            -433.8083000329221
        ],
        [
            1567.1663913820128,
            0.0,
            -478.1963526865094
        ],
        [
            499.1867448123935,
            0.0,
            -197.26417896720716
        ],
        [
            163.79387607621493,
            0.0,
            -92.78808468725684
        ],
        [
            160.18081791755083,
            0.0,
            -96.00868747808414
        ],
        [
            155.84855881760333,
            0.0,
            -98.74956564196135
        ],
        [
            151.27229792031196,
            0.0,
            -101.19630369686622
        ],
        [
            147.31303230310402,
            0.0,
            -103.8697887437181
        ],
        [
            143.6577471410511,
            0.0,
            -106.78694529931
        ],
        [
            140.79687857431995,
            0.0,
            -110.1262978753404
        ],
        [
            133.20625326509054,
            0.0,
            -121.06235620983327
        ],
        [
            131.42667030314524,
            0.0,
            -125.53920834953658
        ],
        [
            389.9163554959857,
            0.0,
            -459.31632424368297
        ],
        [
            374.9080329213654,
            0.0,
            -465.5631314344301
        ],
        [
            368.51920770157886,
            0.0,
            -479.1803872812415
        ],
        [
            627.1742410253074,
            0.0,
            -1352.6764104523777
        ],
        [
            589.7345256327427,
            0.0,
            -1359.3366955161346
        ],
        [
            550.7679242576324,
            0.0,
            -1364.2694954109834
        ],
        [
            512.5308066991653,
            0.0,
            -1366.2806207673088
        ],
        [
            474.60829855045864,
            0.0,
            -1369.8620461371424
        ],
        [
            32.69382155240786,
            0.0,
            -546.7734233961078
        ],
        [
            -88.90731515170854,
            0.0,
            -3292.2997644978373
        ],
        [
            -169.54882147473168,
            0.0,
            -3286.629610579283
        ],
        [
            -252.42389091102797,
            0.0,
            -3287.573534051723
        ],
        [
            -332.915022418113,
            0.0,
            -3288.1898649330374
        ],
