{
    "timestamp": 1776227299,
    "capture_id": 29,
    "lidar_points": [
        [
            -124.7704201180437,
            0.0,
            875.6555214601042
        ],
        [
            -103.885166323634,
            0.0,
            883.9162133471198
        ],
        [
            -83.20197895879241,
            0.0,
            892.1285953814846
        ],
        [
            -60.71170375325022,
            0.0,
            899.9544927535934
        ],
        [
            -39.47822342686123,
            0.0,
            909.8939676550552
        ],
        [
            -19.066356991428023,
            0.0,
            919.8024103203228
        ],
        [
            3.8011937913786777,
            0.0,
            929.2422253781627
        ],
        [
            26.84815310830785,
            0.0,
            937.365584590491
        ],
        [
            49.96376408365638,
            0.0,
            938.6712003031694
        ],
        [
            73.02686888311834,
            0.0,
            931.1407393198559
        ],
        [
            94.85557189512322,
            0.0,
            919.3696117342846
        ],
        [
            117.57086639824682,
            0.0,
            906.4066920397078
        ],
        [
            138.32693661814398,
            0.0,
            893.8601169119472
        ],
        [
            160.68432195563625,
            0.0,
            881.7281957483596
        ],
        [
            180.2239649478876,
            0.0,
            870.0296388390815
        ],
        [
            199.8693807659377,
            0.0,
            859.31210461173
        ],
        [
            218.28871581571593,
            0.0,
            845.0104135734219
        ],
        [
            234.4428344666408,
            0.0,
            823.529367944609
        ],
        [
            250.45235829192046,
            0.0,
            798.1264725756286
        ],
        [
            263.7855873186665,
            0.0,
            770.8662182395504
        ],
        [
            889.5130286604298,
            0.0,
            1504.4589174661264
        ],
        [
            924.1901538518197,
            0.0,
            1477.2199597633894
        ],
        [
            948.0995960149872,
            0.0,
            1355.5995789820156
        ],
        [
            980.4070620099762,
            0.0,
            1330.2474366676925
        ],
        [
            1029.6527868945475,
            0.0,
            1329.0661010424922
        ],
        [
            1080.7969079596212,
            0.0,
            1325.7783727851809
        ],
        [
            1131.4242203366225,
            0.0,
            1319.6182387856215
        ],
        [
            1185.8667171194866,
            0.0,
            1317.038416952312
        ],
        [
            1241.5240314552545,
            0.0,
            1313.3052355865684
        ],
        [
            1301.0249659623635,
            0.0,
            1311.7127307237017
        ],
        [
            1363.848785372495,
            0.0,
            1309.884533322678
        ],
        [
            1427.6746310339836,
            0.0,
            1304.6459856612362
        ],
        [
            1498.8751159931294,
            0.0,
            1303.6700643401236
        ],
        [
            1573.5602481144176,
            0.0,
            1302.19598968592
        ],
        [
            1649.3236686250427,
            0.0,
            1299.4927851331959
        ],
        [
            1653.7078371476464,
            0.0,
            1173.4651472695955
        ],
        [
            1653.4707555508994,
            0.0,
            1111.3480656562722
        ],
        [
            1647.082814903721,
            0.0,
            1048.044972006848
        ],
        [
            1639.3828000264684,
            0.0,
            986.8669033752102
        ],
        [
            1635.766367833774,
            0.0,
            930.1889336924528
        ],
        [
            1633.0259404440399,
            0.0,
            875.1621794483918
        ],
        [
            1629.4639704836181,
            0.0,
            820.760268833575
        ],
        [
            2671.6579969119775,
            0.0,
            894.7344843786221
        ],
        [
            2719.8002763385375,
            0.0,
            836.3950662389238
        ],
        [
            373.67012455735335,
            0.0,
            -39.480381372170676
        ],
        [
            364.50196292535514,
            0.0,
            -50.61935423889785
        ],
        [
            361.1085785281585,
            0.0,
            -56.487560695898054
        ],
        [
            359.01103986179936,
            0.0,
            -68.56619617092298
        ],
        [
            355.83801818696105,
            0.0,
            -76.65053693729725
        ],
        [
            355.1083614765587,
            0.0,
            -83.31034815335802
        ],
        [
            354.4338527128362,
            0.0,
            -94.2454590478265
        ],
        [
            144.48051881489343,
            0.0,
            -97.85514643072803
        ],
        [
            139.2979354245775,
            0.0,
            -101.32200001209135
        ],
        [
            135.1531525857246,
            0.0,
            -103.53109603466892
        ],
        [
            131.79297849220794,
            0.0,
            -106.1893277130636
        ],
        [
            128.38421211459126,
            0.0,
            -108.74537498080383
        ],
        [
            1186.2025518003693,
            0.0,
            -1806.0354560756252
        ],
        [
            583.2750320808026,
            0.0,
            -1368.9171768047688
        ],
        [
            544.3129361110539,
            0.0,
            -1374.1206015420057
        ],
        [
            506.8865603310761,
            0.0,
            -1377.445489830988
        ],
        [
            467.8551417487519,
            0.0,
            -1378.256803480126
        ],
        [
            431.5837033010878,
            0.0,
            -1380.6149923294759
        ],
        [
            395.1310863515282,
            0.0,
            -1380.827826739692
        ],
        [
            203.6627061293127,
            0.0,
            -1859.6308947294044
        ],
        [
            0.591775582144096,
            0.0,
            -542.4996772364573
        ],
        [
            -272.5839170782988,
            0.0,
            -3280.444492847006
        ],
        [
            -354.27674313742506,
            0.0,
            -3276.1502639182986
        ],
        [
            -435.19347403043344,
            0.0,
            -3277.9875232619975
        ],
        [
            -517.3359648902209,
            0.0,
            -3272.1057534760553
        ],
        [
            -345.36685936154356,
            0.0,
            -321.3561808254881
        ],
        [
            -339.82829689836717,
            0.0,
            -281.8492125714656
        ],
        [
            -346.42458531626824,
            0.0,
            -275.71283827281525
        ],
        [
            -1572.6442036601625,
            0.0,
            -945.5237747905092
        ],
        [
            -1570.4051418864988,
            0.0,
            -891.8877117308239
        ],
        [
            -1566.5126457987656,
            0.0,
            -837.3184537871787
        ],
        [
            -1562.9192210168528,
            0.0,
            -786.7074240631484
        ],
        [
            -1561.3156948406026,
            0.0,
            -736.3642872548929
        ],
        [
            -1558.337086612103,
            0.0,
            -688.730416773721
        ],
        [
            -1554.4355138014912,
            0.0,
