{
    "timestamp": 1776227299,
    "capture_id": 30,
    "lidar_points": [
        [
            -111.34396221850245,
            0.0,
            880.9917832065659
        ],
        [
            -89.76046805211068,
            0.0,
            888.9799257435828
        ],
        [
            -68.1471883211354,
            0.0,
            897.1655495079622
        ],
        [
            -46.27186474093017,
            0.0,
            906.569896386041
        ],
        [
            -25.76817024000095,
            0.0,
            917.1380765198239
        ],
        [
            -1.7672129712495397,
            0.0,
            925.748313235468
        ],
        [
            19.876437667326222,
            0.0,
            934.2885941857885
        ],
        [
            44.705917416228594,
            0.0,
            941.4391275849827
        ],
        [
            67.25351931297634,
            0.0,
            936.0871829803135
        ],
        [
            88.46485555297429,
            0.0,
            924.0249086642585
        ],
        [
            110.1364970766112,
            0.0,
            911.3692731333955
        ],
        [
            131.29919678646027,
            0.0,
            896.9407845132422
        ],
        [
            153.9205758839573,
            0.0,
            884.2028649125442
        ],
        [
            174.21030250170503,
            0.0,
            874.5677978305995
        ],
        [
            193.18059070762945,
            0.0,
            864.6833289556654
        ],
        [
            212.93265557660888,
            0.0,
            852.0462115924777
        ],
        [
            231.66787499824764,
            0.0,
            831.8426808560597
        ],
        [
            245.9573796422028,
            0.0,
            805.2757089342391
        ],
        [
            259.0749602065173,
            0.0,
            778.5245114920863
        ],
        [
            834.3670096092765,
            0.0,
            1516.9239452839004
        ],
        [
            880.6539919882915,
            0.0,
            1511.9767223390334
        ],
        [
            918.8054154651919,
            0.0,
            1492.0377579042147
        ],
        [
            940.3608808700384,
            0.0,
            1365.8383785167723
        ],
        [
            969.9666773547563,
            0.0,
            1330.46115870452
        ],
        [
            1019.0086909362362,
            0.0,
            1328.7481092353125
        ],
        [
            1068.6857873433992,
            0.0,
            1325.6199494690095
        ],
        [
            1119.3226559033264,
            0.0,
            1320.7359139818693
        ],
        [
            1172.0151096067962,
            0.0,
            1316.0188620811518
        ],
        [
            1228.0735705840882,
            0.0,
            1311.2008066016617
        ],
        [
            1287.563315185658,
            0.0,
            1310.9488774884085
        ],
        [
            1350.2242733036944,
            0.0,
            1309.6012415164817
        ],
        [
            1418.6706812552218,
            0.0,
            1308.5386880588762
        ],
        [
            1489.6589890936418,
            0.0,
            1309.2733323154905
        ],
        [
            1559.1209451199813,
            0.0,
            1303.9164576337612
        ],
        [
            1633.0328930749217,
            0.0,
            1297.5194151284793
        ],
        [
            1664.8387191108027,
            0.0,
            1258.1087400735685
        ],
        [
            1656.9879665400076,
            0.0,
            1187.3807850650146
        ],
        [
            1649.2264925147651,
            0.0,
            1118.973179476365
        ],
        [
            1642.1286728129762,
            0.0,
            1056.2526553460082
        ],
        [
            1640.6153553289857,
            0.0,
            997.3872146056144
        ],
        [
            1640.1062031796648,
            0.0,
            942.7458325506317
        ],
        [
            1635.610035906972,
            0.0,
            884.6016394063453
        ],
        [
            1627.1972229744702,
            0.0,
            829.657427824384
        ],
        [
            1624.2718667172057,
            0.0,
            777.4583368200535
        ],
        [
            2713.0150084644342,
            0.0,
            846.471242185301
        ],
        [
            375.91848730972885,
            0.0,
            -39.61427645136574
        ],
        [
            366.96274130884643,
            0.0,
            -49.228132110579324
        ],
        [
            362.54403150091537,
            0.0,
            -57.01600848063023
        ],
        [
            359.94832881835345,
            0.0,
            -64.88654005935678
        ],
        [
            355.81875325721876,
            0.0,
            -73.09977654191894
        ],
        [
            354.9812130283441,
            0.0,
            -81.64803057591398
        ],
        [
            354.4168898331924,
            0.0,
            -91.34915544747408
        ],
        [
            145.00742464670893,
            0.0,
            -97.521327397288
        ],
        [
            139.8038666985726,
            0.0,
            -101.0501304112357
        ],
        [
            135.69019223581464,
            0.0,
            -103.23963255943748
        ],
        [
            132.11093014710713,
            0.0,
            -105.79349996888364
        ],
        [
            128.51859877175008,
            0.0,
            -108.1987512393092
        ],
        [
            1189.2717020637485,
            0.0,
            -1806.4109114956084
        ],
        [
            547.1201009884707,
            0.0,
            -1373.5435359297373
        ],
        [
            509.0529995694312,
            0.0,
            -1376.3797781242517
        ],
        [
            470.9417919909842,
            0.0,
            -1377.4693793534288
        ],
        [
            434.6687240385624,
            0.0,
            -1381.219425125019
        ],
        [
            396.39859085844563,
            0.0,
            -1380.9846920460193
        ],
        [
            359.35863698682385,
            0.0,
            -1377.1354082017397
        ],
        [
            206.28086095050247,
            0.0,
            -1860.0968943594094
        ],
        [
            2.0693009672208507,
            0.0,
            -541.9960497951134
        ],
        [
            -269.79752769591806,
            0.0,
            -3279.4206110301207
        ],
        [
            -352.27588961337534,
            0.0,
            -3274.3544799085366
        ],
        [
            -435.0947683207418,
            0.0,
            -3277.2440468448367
        ],
        [
            -516.7164347918156,
            0.0,
            -3273.9753169527767
        ],
        [
            -346.5912475275012,
            0.0,
            -320.0352631153798
        ],
        [
            -340.7488249993602,
            0.0,
            -280.7356198660145
        ],
        [
            -347.6709066691724,
            0.0,
            -274.5431489872505
        ],
        [
            -1571.477431859316,
            0.0,
            -937.2532974905173
        ],
        [
            -1569.9232980208126,
            0.0,
            -882.5768172411141
        ],
        [
            -1566.3731287547014,
            0.0,
            -830.6649273414687
        ],
        [
            -1564.3562096775806,
            0.0,
            -780.4919677634059
        ],
        [
            -1563.0376921339823,
            0.0,
            -730.9332547972313
        ],
        [
            -1560.0390439812033,
            0.0,
