{
    "timestamp": 1776226956,
    "capture_id": 8,
    "lidar_points": [
        [
            -66.4606319913681,
            0.0,
            584.7351831344749
        ],
        [
            -53.294164135246646,
            0.0,
            590.6003149924028
        ],
        [
            -37.48362749428826,
            0.0,
            596.8240759804094
        ],
        [
            -24.52569314555346,
            0.0,
            603.2516497082541
        ],
        [
            -10.453871565329145,
            0.0,
            608.4101959774307
        ],
        [
            5.829379365686833,
            0.0,
            610.7221797480512
        ],
        [
            21.37580546903911,
            0.0,
            607.3739683593213
        ],
        [
            36.51138519008448,
            0.0,
            599.6394593849718
        ],
        [
            50.78082918051476,
            0.0,
            591.574483803806
        ],
        [
            63.50849051008784,
            0.0,
            584.308766093005
        ],
        [
            78.60672436520488,
            0.0,
            576.4148205802594
        ],
        [
            92.74275136974691,
            0.0,
            568.4846366159505
        ],
        [
            104.56153599437428,
            0.0,
            561.5990096950823
        ],
        [
            118.33962818231092,
            0.0,
            554.5130588197833
        ],
        [
            132.17607876026074,
            0.0,
            547.2645468176806
        ],
        [
            143.20681792865238,
            0.0,
            540.3450816827611
        ],
        [
            156.46718191308202,
            0.0,
            532.4875782440173
        ],
        [
            169.0583544282855,
            0.0,
            524.6864161554025
        ],
        [
            180.91190408395488,
            0.0,
            514.8921687700425
        ],
        [
            188.89408819776145,
            0.0,
            501.8795532236159
        ],
        [
            202.37302685394948,
            0.0,
            464.04118405802154
        ],
        [
            210.3426350654993,
            0.0,
            445.0461081435295
        ],
        [
            214.90587444393267,
            0.0,
            427.52510467747817
        ],
        [
            904.8856659323998,
            0.0,
            1472.129726481358
        ],
        [
            951.9245540023088,
            0.0,
            1469.3417594240987
        ],
        [
            986.3378572675952,
            0.0,
            1441.0158548124198
        ],
        [
            999.3217433691283,
            0.0,
            1308.2412299456419
        ],
        [
            1037.703275101415,
            0.0,
            1291.5078301519495
        ],
        [
            1085.996695948982,
            0.0,
            1286.383856548229
        ],
        [
            1134.327801282787,
            0.0,
            1278.6070552507356
        ],
        [
            1185.9951481486848,
            0.0,
            1271.8240871157375
        ],
        [
            1239.0802399858171,
            0.0,
            1267.1030823799183
        ],
        [
            1296.3135302461621,
            0.0,
            1262.1239217290558
        ],
        [
            1358.983262640823,
            0.0,
            1259.6719778823785
        ],
        [
            1424.3562819102758,
            0.0,
            1256.7057858475605
        ],
        [
            1491.5301141371638,
            0.0,
            1252.2356681639362
        ],
        [
            1563.0822945439206,
            0.0,
            1248.9092452949942
        ],
        [
            1636.6613857061302,
            0.0,
            1243.1379935624564
        ],
        [
            1712.084853282635,
            0.0,
            1233.2337390617313
        ],
        [
            1698.3411875713982,
            0.0,
            1099.626196986309
        ],
        [
            1693.551950826743,
            0.0,
            1035.9050884858775
        ],
        [
            1684.803556258624,
            0.0,
            973.334495082905
        ],
        [
            1677.7651067706288,
            0.0,
            913.3232226342109
        ],
        [
            405.15330856405,
            0.0,
            159.72177860142833
        ],
        [
            403.0480473916856,
            0.0,
            146.9464919409428
        ],
        [
            404.7490798107497,
            0.0,
            136.04110552458533
        ],
        [
            408.4706676617045,
            0.0,
            127.81124230677578
        ],
        [
            414.72235519586945,
            0.0,
            117.33016705345256
        ],
        [
            421.5985455256553,
            0.0,
            109.15546899103109
        ],
        [
            433.2370688336357,
            0.0,
            101.63976676694814
        ],
        [
            3311.827239836121,
            0.0,
            -139.1685883360917
        ],
        [
            420.1364345156002,
            0.0,
            -81.66625002116118
        ],
        [
            414.2109029269427,
            0.0,
            -92.8955214014479
        ],
        [
            414.67989216690466,
            0.0,
            -101.83116925796499
        ],
        [
            413.8166159271095,
            0.0,
            -115.0046015715681
        ],
        [
            146.9194134829403,
            0.0,
            -109.52282155710205
        ],
        [
            142.4169628994985,
            0.0,
            -111.70679781679746
        ],
        [
            138.05867997913856,
            0.0,
            -113.93331770126686
        ],
        [
            134.43379950373748,
            0.0,
            -116.66856282216266
        ],
        [
            1109.512690893418,
            0.0,
            -1870.7235468519784
        ],
        [
            518.0879534453709,
            0.0,
            -1397.2937897932516
        ],
        [
            481.10184573678595,
            0.0,
            -1400.9434594331985
        ],
        [
            442.96307544405425,
            0.0,
            -1399.5741187208148
        ],
        [
            404.1377592993994,
            0.0,
            -1399.308729876456
        ],
        [
            367.3909889438225,
            0.0,
            -1400.1000361555884
        ],
        [
            293.19025008091927,
            0.0,
            -1398.0885977853793
        ],
        [
            50.78412626913466,
            0.0,
            -1011.2256041651045
        ],
        [
            -10.724904506618204,
            0.0,
            -546.1447051133279
        ],
        [
            -348.7039140736358,
            0.0,
            -3274.736805120333
        ],
        [
            -430.6059081339493,
            0.0,
            -3270.7765976722008
        ],
        [
            -512.6803205545103,
            0.0,
            -3271.5731902123366
        ],
        [
            -596.2887850807841,
            0.0,
            -3261.9466097388663
        ],
        [
            -352.7540957423828,
            0.0,
            -310.2089786530587
        ],
        [
            -344.63331353580287,
            0.0,
            -270.3181074240737
        ],
        [
            -1602.0476723789147,
            0.0,
            -907.5487964430902
        ],
        [
            -1593.4457732610967,
            0.0,
            -850.0391565547703
        ],
        [
            -1587.000324141622,
            0.0,
            -795.5768559192676
        ],
        [
            -1584.265425864821,
            0.0,
            -744.5490651457144
        ],
        [
            -1580.8208750309982,
            0.0,
            -696.6072143369096
