{
    "timestamp": 1776227308,
    "capture_id": 43,
    "lidar_points": [
        [
            -121.90418114421966,
            0.0,
            876.0591421927844
        ],
        [
            -100.6791052171702,
            0.0,
            885.7967982402454
        ],
        [
            -79.48558197471817,
            0.0,
            894.4752887912222
        ],
        [
            -57.1562903036144,
            0.0,
            902.1913092458433
        ],
        [
            -36.063351388189254,
            0.0,
            911.536887452533
        ],
        [
            -14.327417154377482,
            0.0,
            921.6386426456328
        ],
        [
            9.906874747024817,
            0.0,
            931.4473167242186
        ],
        [
            32.47398168167715,
            0.0,
            929.9331645412686
        ],
        [
            55.61381694469368,
            0.0,
            930.0887946130961
        ],
        [
            77.51361715209745,
            0.0,
            929.7745098441869
        ],
        [
            101.12505106364787,
            0.0,
            916.4375178087018
        ],
        [
            123.01776114220381,
            0.0,
            903.9174148911833
        ],
        [
            143.89528883616507,
            0.0,
            891.208005098
        ],
        [
            163.05523643409896,
            0.0,
            879.7673285428484
        ],
        [
            183.30725503377494,
            0.0,
            869.385242715784
        ],
        [
            204.4372781692334,
            0.0,
            857.7228350666406
        ],
        [
            224.2989246631094,
            0.0,
            849.1248759134152
        ],
        [
            252.0989723104397,
            0.0,
            790.5258823466946
        ],
        [
            267.2188145366299,
            0.0,
            763.8584081213207
        ],
        [
            855.6712617109051,
            0.0,
            1510.4710165647232
        ],
        [
            901.5035357101659,
            0.0,
            1503.1380301230056
        ],
        [
            929.9554703131535,
            0.0,
            1465.9054619021792
        ],
        [
            950.5197901074149,
            0.0,
            1339.5216977018908
        ],
        [
            993.4950648636767,
            0.0,
            1328.9387188999794
        ],
        [
            1043.0146080717163,
            0.0,
            1327.5197135443993
        ],
        [
            1093.7501032830373,
            0.0,
            1323.880007428296
        ],
        [
            1145.8693652894347,
            0.0,
            1316.7207933693417
        ],
        [
            1200.0431573715678,
            0.0,
            1314.6468805141853
        ],
        [
            1257.3910029861481,
            0.0,
            1310.6227253139966
        ],
        [
            1317.3894191210866,
            0.0,
            1308.0815602965306
        ],
        [
            1383.437086149846,
            0.0,
            1308.5373098101652
        ],
        [
            531.5626168590156,
            0.0,
            431.6523449003786
        ],
        [
            534.6467628947694,
            0.0,
            413.2685584775888
        ],
        [
            546.4057883258802,
            0.0,
            402.2473921406744
        ],
        [
            562.7770695198326,
            0.0,
            393.14656303046775
        ],
        [
            1628.1922508046212,
            0.0,
            854.9333274705006
        ],
        [
            1626.0410023449158,
            0.0,
            802.9775268917189
        ],
        [
            2710.746283518848,
            0.0,
            881.5922166108055
        ],
        [
            2719.125886910407,
            0.0,
            811.8986843404113
        ],
        [
            434.22057663703964,
            0.0,
            82.56204227728857
        ],
        [
            432.2466637283217,
            0.0,
            70.75889835020867
        ],
        [
            431.12921906657544,
            0.0,
            49.835694708158684
        ],
        [
            427.21100296496337,
            0.0,
            39.137692135204915
        ],
        [
            431.33987458159845,
            0.0,
            28.035247384871436
        ],
        [
            1591.0602818198959,
            0.0,
            -100.79802634572657
        ],
        [
            1584.008160356616,
            0.0,
            -140.75940616402647
        ],
        [
            1579.9259783348784,
            0.0,
            -178.7005959211577
        ],
        [
            1575.074110652431,
            0.0,
            -219.17255405833296
        ],
        [
            1566.5774428439536,
            0.0,
            -256.88784629191593
        ],
        [
            1561.27510364362,
            0.0,
            -295.5351937461991
        ],
        [
            650.8293480363864,
            0.0,
            -172.2983523848451
        ],
        [
            642.5486328765161,
            0.0,
            -188.04654846213006
        ],
        [
            629.606585096653,
            0.0,
            -202.1066809952877
        ],
        [
            617.5724614740628,
            0.0,
            -249.31958372512017
        ],
        [
            155.69866053215844,
            0.0,
            -91.3136195125989
        ],
        [
            151.26043217374797,
            0.0,
            -93.83113373828002
        ],
        [
            147.4217830537595,
            0.0,
            -96.59648224055711
        ],
        [
            141.85096508179979,
            0.0,
            -99.90272121099616
        ],
        [
            137.52146478355525,
            0.0,
            -102.05101285036505
        ],
        [
            133.76482542474105,
            0.0,
            -104.5085354365305
        ],
        [
            130.74413271106474,
            0.0,
            -107.47806409510497
        ],
        [
            1209.6567904942713,
            0.0,
            -1784.9774541184265
        ],
        [
            1171.610661493637,
            0.0,
            -1824.7522319138131
        ],
        [
            567.8231584778766,
            0.0,
            -1372.963919116671
        ],
        [
            529.4497808015121,
            0.0,
            -1375.8982491845939
        ],
        [
            490.3637904443972,
            0.0,
            -1377.577008925818
        ],
        [
            453.2359397870702,
            0.0,
            -1382.0808344251545
        ],
        [
            416.4603633000616,
            0.0,
            -1382.3801316208146
        ],
        [
            377.705393649606,
            0.0,
            -1379.47587804499
        ],
        [
            88.11068821695338,
            0.0,
            -1016.6891150307132
        ],
        [
            7.58314294321898,
            0.0,
            -545.1972656232813
        ],
        [
            -227.62370258396666,
            0.0,
            -3293.8944294743214
        ],
        [
            -309.6205969181053,
            0.0,
            -3281.174050315539
        ],
        [
            -390.73189858430055,
            0.0,
            -3278.2969410089604
        ],
        [
            -473.4597715578801,
            0.0,
            -3277.9841129444726
        ],
        [
            -396.19621087226665,
            0.0,
            -1156.7826610865407
        ],
        [
            -342.47991315366426,
            0.0,
            -326.2460866987658
        ],
        [
            -351.79929229428643,
            0.0,
            -319.9023412562641
        ],
        [
            -342.4721908619607,
            0.0,
            -276.2477121827596
        ],
