{
    "timestamp": 1776226956,
    "capture_id": 6,
    "lidar_points": [
        [
            -62.71197309034563,
            0.0,
            585.9033802011351
        ],
        [
            -47.75513087058693,
            0.0,
            592.3280425368472
        ],
        [
            -32.8583843681915,
            0.0,
            598.8492206530057
        ],
        [
            -20.141473885432852,
            0.0,
            605.1649122592307
        ],
        [
            -5.114571908633207,
            0.0,
            604.9783807328915
        ],
        [
            11.548469482628075,
            0.0,
            604.8897691750199
        ],
        [
            25.76228646812205,
            0.0,
            605.2019225811617
        ],
        [
            41.784127772731054,
            0.0,
            597.5408661056347
        ],
        [
            55.11019673115573,
            0.0,
            589.1781807876572
        ],
        [
            68.34243245223318,
            0.0,
            581.4976886682456
        ],
        [
            83.15397444388842,
            0.0,
            573.5029786619989
        ],
        [
            97.55761898224654,
            0.0,
            565.9024416615596
        ],
        [
            109.9815671935363,
            0.0,
            559.288883205856
        ],
        [
            121.84812996027348,
            0.0,
            552.4727103895578
        ],
        [
            135.21643318283756,
            0.0,
            545.4910780180655
        ],
        [
            147.3585804275337,
            0.0,
            538.1909036525814
        ],
        [
            159.15481614644798,
            0.0,
            530.3855267608557
        ],
        [
            172.82434014164838,
            0.0,
            522.6681523247843
        ],
        [
            185.28941936572102,
            0.0,
            517.8492358506614
        ],
        [
            205.7385908573758,
            0.0,
            458.72562031351737
        ],
        [
            211.30145381925854,
            0.0,
            439.60409246715136
        ],
        [
            219.20866864408913,
            0.0,
            425.33493812674965
        ],
        [
            876.7893406521272,
            0.0,
            1482.938978723942
        ],
        [
            916.0923633892672,
            0.0,
            1467.8350875489614
        ],
        [
            960.6407924798801,
            0.0,
            1458.2723786466051
        ],
        [
            991.6420302693724,
            0.0,
            1420.3295907299957
        ],
        [
            1009.999800263951,
            0.0,
            1302.2305492756568
        ],
        [
            1053.4689534029105,
            0.0,
            1292.25606081619
        ],
        [
            1100.3438196341497,
            0.0,
            1283.3681188937685
        ],
        [
            1149.773340339705,
            0.0,
            1274.8536497747798
        ],
        [
            1202.1982531247913,
            0.0,
            1271.0112549398216
        ],
        [
            1259.4440138258126,
            0.0,
            1266.3320165100172
        ],
        [
            1318.331109218494,
            0.0,
            1262.7166493187356
        ],
        [
            1377.2137371822432,
            0.0,
            1256.4674228234167
        ],
        [
            1442.0691653994952,
            0.0,
            1250.1235027804266
        ],
        [
            1513.0537175925979,
            0.0,
            1248.6518770975435
        ],
        [
            1584.4526715782404,
            0.0,
            1244.8834208585863
        ],
        [
            1660.535921679828,
            0.0,
            1239.275777545468
        ],
        [
            1706.1543357194932,
            0.0,
            1209.282409202075
        ],
        [
            1705.8627640428597,
            0.0,
            1145.8870931518752
        ],
        [
            1698.503806822239,
            0.0,
            1079.463324161762
        ],
        [
            1692.2625434111453,
            0.0,
            1016.8139193911744
        ],
        [
            1683.267915947766,
            0.0,
            952.3471652401054
        ],
        [
            1678.9332589845576,
            0.0,
            897.9972783229871
        ],
        [
            407.8919611168813,
            0.0,
            170.25906159797947
        ],
        [
            404.17585927356185,
            0.0,
            154.64293479004434
        ],
        [
            403.33353847866385,
            0.0,
            143.1993601182638
        ],
        [
            405.41199099488256,
            0.0,
            134.05266710351296
        ],
        [
            410.52500878436314,
            0.0,
            123.67610788910919
        ],
        [
            416.801675233292,
            0.0,
            115.46693692447828
        ],
        [
            5017.745150638194,
            0.0,
            -112.2256799796262
        ],
        [
            427.43860204372345,
            0.0,
            -78.01596940952155
        ],
        [
            418.0196915416878,
            0.0,
            -85.87840231043059
        ],
        [
            413.298283678735,
            0.0,
            -95.77364568717164
        ],
        [
            412.5469994637375,
            0.0,
            -106.21192604160316
        ],
        [
            412.78252958977646,
            0.0,
            -117.75459976351371
        ],
        [
            411.50889448475345,
            0.0,
            -128.14612658967135
        ],
        [
            154.37109463357842,
            0.0,
            -105.53940089668302
        ],
        [
            150.3145588012361,
            0.0,
            -108.27324652188892
        ],
        [
            145.36069174585612,
            0.0,
            -110.3472668223649
        ],
        [
            140.8506629764604,
            0.0,
            -112.47734544827937
        ],
        [
            136.6763331148027,
            0.0,
            -114.81215077809269
        ],
        [
            132.84844514043849,
            0.0,
            -117.34075644791074
        ],
        [
            2245.3261863070898,
            0.0,
            -4546.817713201582
        ],
        [
            504.0925470170835,
            0.0,
            -1396.8234333808368
        ],
        [
            468.5147700207546,
            0.0,
            -1401.5131011775807
        ],
        [
            429.3972948247085,
            0.0,
            -1400.396560156166
        ],
        [
            389.8704740726469,
            0.0,
            -1398.4202072146875
        ],
        [
            316.69580762371226,
            0.0,
            -1397.8230674636775
        ],
        [
            277.3840061611559,
            0.0,
            -1388.5654875179591
        ],
        [
            -14.793140641608101,
            0.0,
            -547.8002948063807
        ],
        [
            -374.8185614879747,
            0.0,
            -3273.863712567169
        ],
        [
            -458.2512917233692,
            0.0,
            -3273.5815254295812
        ],
        [
            -539.8706471195568,
            0.0,
            -3264.409019543769
        ],
        [
            -621.5066055646924,
            0.0,
            -3259.017428879363
        ],
        [
            -554.0506905039485,
            0.0,
            -1150.2688359040671
        ],
        [
            -348.33309143496183,
            0.0,
            -315.5377273977908
        ],
        [
            -357.1562985218035,
            0.0,
            -312.01352683209814
        ],
        [
            -346.5197056932393,
            0.0,
            -268.3042229750974
