{
    "timestamp": 1775527158,
    "capture_id": 1,
    "lidar_points": [
        [
            351.234375,
            2542.5
        ],
        [
            352.671875,
            2543.75
        ],
        [
            356.234375,
            1164.75
        ],
        [
            357.625,
            1171.5
        ],
        [
            359.0625,
            1180.5
        ],
        [
            0.546875,
            1196.25
        ],
        [
            1.875,
            1214.75
        ],
        [
            3.34375,
            1212.0
        ],
        [
            4.8125,
            1184.75
        ],
        [
            6.28125,
            1157.5
        ],
        [
            24.15625,
            2959.5
        ],
        [
            25.5625,
            3005.0
        ],
        [
            26.984375,
            3008.75
        ],
        [
            35.84375,
            2470.25
        ],
        [
            37.296875,
            2398.0
        ],
        [
            38.75,
            2338.0
        ],
        [
            40.1875,
            2280.75
        ],
        [
            41.671875,
            2214.5
        ],
        [
            43.09375,
            2162.5
        ],
        [
            44.546875,
            2117.25
        ],
        [
            46.0,
            2065.0
        ],
        [
            51.84375,
            1909.75
        ],
        [
            53.296875,
            1880.75
        ],
        [
            59.140625,
            1780.25
        ],
        [
            60.59375,
            1757.0
        ],
        [
            62.03125,
            1742.0
        ],
        [
            63.46875,
            1725.25
        ],
        [
            64.9375,
            1711.5
        ],
        [
            66.359375,
            1698.75
        ],
        [
            73.328125,
            307.5
        ],
        [
            74.515625,
            312.5
        ],
        [
            80.21875,
            342.75
        ],
        [
            81.328125,
            349.5
        ],
        [
            82.578125,
            356.5
        ],
        [
            84.078125,
            361.0
        ],
        [
            85.53125,
            362.75
        ],
        [
            87.15625,
            362.75
        ],
        [
            88.15625,
            362.0
        ],
        [
            90.046875,
            361.25
        ],
        [
            91.25,
            361.0
        ],
        [
            104.140625,
            277.5
        ],
        [
            105.84375,
            283.0
        ],
        [
            106.84375,
            288.25
        ],
        [
            108.265625,
            294.0
        ],
        [
            124.265625,
            169.25
        ],
        [
            125.6875,
            166.5
        ],
        [
            127.140625,
            164.25
        ],
        [
            148.265625,
            224.25
        ],
        [
            156.90625,
            186.0
        ],
        [
            162.34375,
            508.25
        ],
        [
            163.71875,
            501.25
        ],
        [
            165.109375,
            499.0
        ],
        [
            166.546875,
            497.0
        ],
        [
            167.921875,
            495.75
        ],
        [
            169.59375,
            494.75
        ],
        [
            170.984375,
            493.5
        ],
        [
            172.34375,
            492.5
        ],
        [
            173.671875,
            492.0
        ],
        [
            175.203125,
            492.0
        ],
        [
            176.78125,
            492.5
        ],
        [
            178.09375,
            493.25
        ],
        [
            179.6875,
            494.75
        ],
        [
            181.0625,
            496.0
        ],
        [
            182.46875,
            497.75
        ],
        [
            183.734375,
            499.5
        ],
        [
            185.296875,
            501.25
        ],
        [
            186.640625,
            503.5
        ],
        [
            188.1875,
            506.0
        ],
        [
            189.375,
            509.75
        ],
        [
            190.921875,
            513.75
        ],
        [
            192.265625,
            517.25
        ],
        [
            193.65625,
            522.0
        ],
        [
            195.265625,
            527.75
        ],
        [
            196.703125,
            533.0
        ],
        [
            197.890625,
            538.0
        ],
        [
            199.359375,
            544.0
        ],
        [
            200.828125,
            551.25
        ],
        [
            202.140625,
            559.0
        ],
        [
            203.71875,
            566.25
        ],
        [
            205.09375,
            573.75
        ],
        [
            206.34375,
            582.0
        ],
        [
            207.90625,
            591.5
        ],
        [
            209.15625,
            601.75
        ],
        [
            210.671875,
            612.75
        ],
        [
            211.96875,
            624.75
        ],
        [
            213.46875,
            637.25
        ],
        [
            214.78125,
            650.75
        ],
        [
            216.328125,
            665.25
        ],
        [
            217.59375,
            681.0
        ],
        [
            218.96875,
            697.0
        ],
        [
            220.421875,
            714.75
        ],
        [
            221.78125,
            733.75
        ],
        [
            223.109375,
            753.75
        ],
        [
            224.484375,
            776.25
        ],
        [
            227.265625,
            826.5
        ],
        [
            234.296875,
            986.0
        ],
        [
            235.765625,
            990.75
        ],
        [
            237.1875,
            977.0
        ],
        [
            238.6875,
            965.25
        ],
        [
            240.125,
            954.5
        ],
        [
            241.625,
            944.5
        ],
        [
            243.03125,
            936.5
        ],
        [
            244.515625,
            928.75
        ],
        [
            245.96875,
            920.0
        ],
        [
            247.40625,
            912.25
        ],
        [
            248.8125,
            905.0
        ],
        [
            250.28125,
            898.25
        ],
        [
            251.765625,
            894.0
        ],
        [
            253.140625,
            890.25
        ],
        [
            254.59375,
            886.5
        ],
        [
            256.078125,
            883.25
        ],
        [
            257.5625,
            880.5
        ],
        [
            258.9375,
            878.5
        ],
        [
            260.359375,
            877.0
        ],
        [
            261.875,
            876.5
        ],
        [
            263.234375,
            876.5
        ],
        [
            264.6875,
            876.75
        ],
        [
            266.203125,
            877.5
        ],
        [
            267.6875,
            879.25
        ],
        [
            269.015625,
            881.5
        ],
        [
            270.484375,
            883.75
        ],
        [
            271.859375,
            886.5
        ],
        [
            273.40625,
            889.5
        ],
        [
            274.765625,
            893.5
        ],
        [
            276.1875,
            897.25
        ],
        [
            277.53125,
            901.75
        ],
        [
            278.984375,
