{
    "timestamp": 1775527598,
    "capture_id": 6,
    "lidar_points": [
        [
            352.296875,
            1115.0
        ],
        [
            353.6875,
            1121.25
        ],
        [
            355.125,
            1127.0
        ],
        [
            356.59375,
            1129.5
        ],
        [
            358.078125,
            1130.5
        ],
        [
            359.453125,
            1136.5
        ],
        [
            0.953125,
            1144.5
        ],
        [
            2.359375,
            1153.75
        ],
        [
            3.796875,
            1160.75
        ],
        [
            5.203125,
            1168.25
        ],
        [
            7.421875,
            2616.0
        ],
        [
            8.8125,
            2634.25
        ],
        [
            24.609375,
            2959.0
        ],
        [
            26.03125,
            3011.0
        ],
        [
            27.515625,
            3014.25
        ],
        [
            37.8125,
            2389.25
        ],
        [
            39.265625,
            2333.0
        ],
        [
            40.75,
            2277.0
        ],
        [
            42.203125,
            2215.25
        ],
        [
            43.671875,
            2163.25
        ],
        [
            45.109375,
            2114.5
        ],
        [
            46.578125,
            2064.0
        ],
        [
            50.953125,
            1953.25
        ],
        [
            52.40625,
            1911.5
        ],
        [
            53.84375,
            1882.0
        ],
        [
            59.703125,
            1779.75
        ],
        [
            61.15625,
            1757.5
        ],
        [
            62.65625,
            1743.5
        ],
        [
            64.0625,
            1725.25
        ],
        [
            65.5625,
            1712.0
        ],
        [
            66.96875,
            1698.5
        ],
        [
            74.328125,
            307.0
        ],
        [
            75.4375,
            311.25
        ],
        [
            80.65625,
            341.75
        ],
        [
            81.921875,
            347.5
        ],
        [
            83.0625,
            353.75
        ],
        [
            84.5,
            358.5
        ],
        [
            86.484375,
            359.75
        ],
        [
            87.671875,
            359.5
        ],
        [
            88.8125,
            358.75
        ],
        [
            90.375,
            358.25
        ],
        [
            92.15625,
            358.0
        ],
        [
            103.046875,
            278.75
        ],
        [
            105.40625,
            279.5
        ],
        [
            105.9375,
            285.0
        ],
        [
            107.375,
            290.75
        ],
        [
            112.875,
            316.5
        ],
        [
            123.609375,
            171.25
        ],
        [
            125.046875,
            167.75
        ],
        [
            126.5,
            165.0
        ],
        [
            127.9375,
            165.0
        ],
        [
            157.78125,
            185.5
        ],
        [
            163.03125,
            502.25
        ],
        [
            164.546875,
            500.5
        ],
        [
            165.890625,
            498.5
        ],
        [
            167.328125,
            496.25
        ],
        [
            168.953125,
            495.0
        ],
        [
            170.328125,
            493.75
        ],
        [
            171.703125,
            492.75
        ],
        [
            173.234375,
            492.5
        ],
        [
            174.828125,
            492.0
        ],
        [
            176.140625,
            492.25
        ],
        [
            177.421875,
            493.25
        ],
        [
            178.890625,
            493.25
        ],
        [
            180.390625,
            494.25
        ],
        [
            181.78125,
            496.0
        ],
        [
            183.328125,
            497.75
        ],
        [
            184.765625,
            499.5
        ],
        [
            186.375,
            501.5
        ],
        [
            187.609375,
            504.25
        ],
        [
            188.921875,
            507.5
        ],
        [
            190.515625,
            511.25
        ],
        [
            191.96875,
            515.75
        ],
        [
            193.34375,
            519.25
        ],
        [
            194.890625,
            524.0
        ],
        [
            196.328125,
            529.75
        ],
        [
            197.703125,
            535.0
        ],
        [
            198.90625,
            540.5
        ],
        [
            200.484375,
            547.0
        ],
        [
            201.9375,
            554.5
        ],
        [
            203.328125,
            562.25
        ],
        [
            204.6875,
            569.5
        ],
        [
            206.1875,
            577.5
        ],
        [
            207.609375,
            586.25
        ],
        [
            208.953125,
            596.25
        ],
        [
            210.34375,
            607.0
        ],
        [
            211.59375,
            618.0
        ],
        [
            213.078125,
            629.5
        ],
        [
            214.5,
            642.5
        ],
        [
            215.828125,
            656.25
        ],
        [
            217.234375,
            671.25
        ],
        [
            218.6875,
            687.5
        ],
        [
            220.15625,
            705.5
        ],
        [
            221.53125,
            724.0
        ],
        [
            222.84375,
            743.0
        ],
        [
            224.203125,
            765.0
        ],
        [
            227.015625,
            815.5
        ],
        [
            234.0625,
            960.25
        ],
        [
            235.5,
            975.25
        ],
        [
            236.921875,
            982.75
        ],
        [
            238.46875,
            970.25
        ],
        [
            239.859375,
            958.25
        ],
        [
            241.296875,
            948.25
        ],
        [
            242.84375,
            939.5
        ],
        [
            244.28125,
            931.25
        ],
        [
            245.71875,
            922.5
        ],
        [
            247.15625,
            913.75
        ],
        [
            248.59375,
            906.5
        ],
        [
            250.046875,
            900.5
        ],
        [
            251.578125,
            895.5
        ],
        [
            252.96875,
            890.75
        ],
        [
            254.421875,
            887.5
        ],
        [
            255.90625,
            884.5
        ],
        [
            257.34375,
            881.0
        ],
        [
            258.765625,
            879.5
        ],
        [
            260.21875,
            877.75
        ],
        [
            261.640625,
            876.0
        ],
        [
            263.15625,
            875.75
        ],
        [
            264.578125,
            876.75
        ],
        [
            266.0,
            877.0
        ],
        [
            267.53125,
            877.0
        ],
        [
            268.96875,
            878.0
        ],
        [
            270.375,
            881.5
        ],
        [
            271.765625,
            885.25
        ],
        [
            273.21875,
            888.0
        ],
        [
            274.625,
            891.5
        ],
        [
            276.046875,
            895.75
