{
    "timestamp": 1776227307,
    "capture_id": 42,
    "lidar_points": [
        [
            -106.5972523448464,
            0.0,
            882.0823520468648
        ],
        [
            -86.02489503493275,
            0.0,
            890.8561710142826
        ],
        [
            -65.33769539403806,
            0.0,
            899.1291539932381
        ],
        [
            -43.164334057048166,
            0.0,
            908.9757093923971
        ],
        [
            -20.309481093582974,
            0.0,
            919.2756795312869
        ],
        [
            0.7588090784257274,
            0.0,
            927.4996896003698
        ],
        [
            25.28736221902612,
            0.0,
            936.4086243793379
        ],
        [
            47.46678977325559,
            0.0,
            940.0523742689136
        ],
        [
            70.85489822108576,
            0.0,
            932.8128608665725
        ],
        [
            92.67395699117057,
            0.0,
            920.3458793820934
        ],
        [
            115.1930378030424,
            0.0,
            907.4679754909849
        ],
        [
            136.52728428622603,
            0.0,
            895.1483400227182
        ],
        [
            156.6595244532779,
            0.0,
            884.2294913641326
        ],
        [
            178.01306115561928,
            0.0,
            872.5259881848825
        ],
        [
            196.75427629509198,
            0.0,
            860.8000666586839
        ],
        [
            215.94866492740357,
            0.0,
            843.547115824642
        ],
        [
            233.33979957041646,
            0.0,
            823.0630522240917
        ],
        [
            248.13930845210373,
            0.0,
            800.6809265249871
        ],
        [
            262.45532342003145,
            0.0,
            773.1684507327537
        ],
        [
            885.8785119372307,
            0.0,
            1504.8615632635042
        ],
        [
            921.632908096884,
            0.0,
            1479.405888427135
        ],
        [
            948.2191139660553,
            0.0,
            1357.346151285452
        ],
        [
            978.8073019674465,
            0.0,
            1331.1146938243933
        ],
        [
            1027.5339202994292,
            0.0,
            1330.0731578127895
        ],
        [
            1078.7190509986876,
            0.0,
            1326.1807791596477
        ],
        [
            1129.6939545285873,
            0.0,
            1319.7837442556877
        ],
        [
            1184.9810264509783,
            0.0,
            1317.4991335675275
        ],
        [
            1241.1199625819565,
            0.0,
            1315.7499006196285
        ],
        [
            1301.8992292001994,
            0.0,
            1313.3103058713605
        ],
        [
            1364.0290932499902,
            0.0,
            1310.0577068463854
        ],
        [
            1426.962844717698,
            0.0,
            1305.4244672883892
        ],
        [
            538.2078783771701,
            0.0,
            423.33774005248483
        ],
        [
            540.5157279630581,
            0.0,
            404.31144903967953
        ],
        [
            552.5066558964279,
            0.0,
            392.9636054269482
        ],
        [
            571.2158309833815,
            0.0,
            383.4794315657164
        ],
        [
            1628.5708688281052,
            0.0,
            820.3104139315012
        ],
        [
            2676.65054968596,
            0.0,
            894.7831566172048
        ],
        [
            2714.7591392786,
            0.0,
            833.2243864670047
        ],
        [
            437.02943801636667,
            0.0,
            76.9372004111063
        ],
        [
            432.6236424639181,
            0.0,
            65.13857521662537
        ],
        [
            427.49616419169627,
            0.0,
            52.844981799469366
        ],
        [
            424.84070443693355,
            0.0,
            40.322925904874964
        ],
        [
            1583.6463326593941,
            0.0,
            -127.24329276803336
        ],
        [
            1578.7127684226173,
            0.0,
            -166.8000144466293
        ],
        [
            1572.848275090033,
            0.0,
            -205.76045792694936
        ],
        [
            1568.920445151069,
            0.0,
            -245.42338272253383
        ],
        [
            1564.0554977581123,
            0.0,
            -283.2678060292471
        ],
        [
            649.3566182826492,
            0.0,
            -184.28505716015593
        ],
        [
            638.4848701689289,
            0.0,
            -198.0639305006492
        ],
        [
            621.8963625459106,
            0.0,
            -211.10536883785136
        ],
        [
            620.7785485176137,
            0.0,
            -226.3284255244242
        ],
        [
            623.3477775156996,
            0.0,
            -244.95430342461404
        ],
        [
            144.16685037391932,
            0.0,
            -97.87227264789533
        ],
        [
            139.01294125490267,
            0.0,
            -101.28870698977738
        ],
        [
            134.84184046724764,
            0.0,
            -103.52621918821018
        ],
        [
            131.67706551673595,
            0.0,
            -106.33302834444821
        ],
        [
            128.26551295269655,
            0.0,
            -108.88535570489556
        ],
        [
            120.91191832275034,
            0.0,
            -119.14432637567158
        ],
        [
            1178.8398712609037,
            0.0,
            -1803.387592262289
        ],
        [
            577.5750897251489,
            0.0,
            -1364.819041385702
        ],
        [
            540.3284647160991,
            0.0,
            -1369.5127647150803
        ],
        [
            503.7408225769481,
            0.0,
            -1377.001904925879
        ],
        [
            466.8877339165274,
            0.0,
            -1379.1127016739024
        ],
        [
            428.1938677911935,
            0.0,
            -1381.6700986798614
        ],
        [
            392.2211541435207,
            0.0,
            -1380.6176620420024
        ],
        [
            319.18075402827276,
            0.0,
            -1385.972116876073
        ],
        [
            -0.14801209996534495,
            0.0,
            -542.7499798179805
        ],
        [
            -196.8327290287773,
            0.0,
            -3276.843670253905
        ],
        [
            -278.24670006667435,
            0.0,
            -3283.481587644738
        ],
        [
            -360.64638093458603,
            0.0,
            -3284.760940756387
        ],
        [
            -442.3773345599138,
            0.0,
            -3277.278031212437
        ],
        [
            -525.642884971705,
            0.0,
            -3272.554019031408
        ],
        [
            -512.8184875240947,
            0.0,
            -1149.277794466377
        ],
        [
            -345.80471968409705,
            0.0,
            -320.884961230973
        ],
        [
            -340.9381358515805,
            0.0,
            -280.1120311983212
        ],
        [
            -349.49485177131425,
            0.0,
            -275.0561962315103
        ],
        [
            -1571.8140609468687,
            0.0,
            -935.7115582858393
        ],
        [
            -1569.7948190353059,
            0.0,
            -880.2524005249355
        ],
        [
            -1565.0585240246417,
            0.0,
