{
    "timestamp": 1776226956,
    "capture_id": 7,
    "lidar_points": [
        [
            -62.658759706306306,
            0.0,
            585.4062199294327
        ],
        [
            -50.17771080027951,
            0.0,
            592.1277394607041
        ],
        [
            -34.952050551951615,
            0.0,
            598.2298192686602
        ],
        [
            -22.07609167218317,
            0.0,
            603.8465936614045
        ],
        [
            -5.4220375705560855,
            0.0,
            602.4756024177108
        ],
        [
            9.717792137958929,
            0.0,
            603.9218198707208
        ],
        [
            22.682161857979878,
            0.0,
            606.8262371004145
        ],
        [
            38.23029458722986,
            0.0,
            598.2797795143787
        ],
        [
            53.34254375784775,
            0.0,
            589.3408483428262
        ],
        [
            67.57831733715,
            0.0,
            581.83866623479
        ],
        [
            80.1283492193492,
            0.0,
            574.6907952554852
        ],
        [
            93.70562107023717,
            0.0,
            567.5665767818266
        ],
        [
            109.05701828633971,
            0.0,
            560.2339950971317
        ],
        [
            120.5537537788699,
            0.0,
            553.7800600868757
        ],
        [
            133.25126371743477,
            0.0,
            546.4891130825084
        ],
        [
            147.1309102681328,
            0.0,
            538.5123561661985
        ],
        [
            158.13763723747138,
            0.0,
            531.733062907461
        ],
        [
            170.33394607907417,
            0.0,
            523.7479444476427
        ],
        [
            184.88694284047187,
            0.0,
            519.8508255904804
        ],
        [
            205.99927515543843,
            0.0,
            459.97858497481593
        ],
        [
            217.13655272831346,
            0.0,
            424.1508781899011
        ],
        [
            913.3975146861085,
            0.0,
            1473.3388035904168
        ],
        [
            960.2101383571978,
            0.0,
            1465.4352562280092
        ],
        [
            987.8529757761792,
            0.0,
            1428.1382104859977
        ],
        [
            1007.2585472043993,
            0.0,
            1307.509261567077
        ],
        [
            1048.7566799364718,
            0.0,
            1292.2219193267963
        ],
        [
            1096.489046589679,
            0.0,
            1286.6631341220811
        ],
        [
            1145.8060266177968,
            0.0,
            1276.741477107381
        ],
        [
            1197.8799225577243,
            0.0,
            1271.9930242077196
        ],
        [
            1254.0632250194487,
            0.0,
            1269.2019107115382
        ],
        [
            1311.8057101592215,
            0.0,
            1262.6544821500695
        ],
        [
            1371.3358464668308,
            0.0,
            1256.5977861651281
        ],
        [
            1436.309940663082,
            0.0,
            1254.0770777158853
        ],
        [
            1502.8058955579947,
            0.0,
            1248.4844823930066
        ],
        [
            1572.331218651583,
            0.0,
            1243.7029795548567
        ],
        [
            1650.1520504980401,
            0.0,
            1238.5470409867823
        ],
        [
            1703.4087752705686,
            0.0,
            1215.730688446755
        ],
        [
            1710.5037909254754,
            0.0,
            1155.1072596211911
        ],
        [
            1698.1204974804627,
            0.0,
            1087.037643569304
        ],
        [
            1691.771566443162,
            0.0,
            1023.438581193053
        ],
        [
            1682.8764431596064,
            0.0,
            960.6258062109678
        ],
        [
            1677.6048198483054,
            0.0,
            902.5890916811119
        ],
        [
            410.2855127994438,
            0.0,
            172.31017958001624
        ],
        [
            405.01829799654456,
            0.0,
            158.01183749321515
        ],
        [
            402.97313156488167,
            0.0,
            146.42137049212644
        ],
        [
            405.6493516453479,
            0.0,
            134.13115227160634
        ],
        [
            409.3320921953888,
            0.0,
            125.87811882509898
        ],
        [
            415.8264348267421,
            0.0,
            116.17417354679651
        ],
        [
            5029.709701265579,
            0.0,
            -89.16597442365762
        ],
        [
            418.7885869466348,
            0.0,
            -84.60899445827802
        ],
        [
            413.9303731054787,
            0.0,
            -94.13764507761611
        ],
        [
            413.61929071735744,
            0.0,
            -105.04591780012278
        ],
        [
            413.3745288702915,
            0.0,
            -113.78954864689699
        ],
        [
            411.0062184257592,
            0.0,
            -125.53466021524538
        ],
        [
            146.30033185127039,
            0.0,
            -109.93276536232571
        ],
        [
            141.59720370297572,
            0.0,
            -111.93963508738983
        ],
        [
            137.23826702511252,
            0.0,
            -114.13986185353437
        ],
        [
            133.45465392583054,
            0.0,
            -116.65083731176901
        ],
        [
            515.2817687241175,
            0.0,
            -1396.7323513545982
        ],
        [
            478.70590190531266,
            0.0,
            -1400.178817858998
        ],
        [
            439.30211919165606,
            0.0,
            -1399.9415025542032
        ],
        [
            401.2590807305966,
            0.0,
            -1399.3567138622077
        ],
        [
            364.71759478013865,
            0.0,
            -1400.79881712464
        ],
        [
            290.08862166788754,
            0.0,
            -1398.4801228758404
        ],
        [
            -11.464334388476482,
            0.0,
            -545.8796287067591
        ],
        [
            -349.65002482663124,
            0.0,
            -3275.1387638753167
        ],
        [
            -432.3242424342952,
            0.0,
            -3270.045565340583
        ],
        [
            -514.4646105820359,
            0.0,
            -3271.2930798781504
        ],
        [
            -595.5338700553069,
            0.0,
            -3262.846912148492
        ],
        [
            -408.3607926107905,
            0.0,
            -1143.2573914295447
        ],
        [
            -352.4155004334604,
            0.0,
            -310.59358904239105
        ],
        [
            -343.8948546585712,
            0.0,
            -271.2569426565156
        ],
        [
            -1602.7002376222463,
            0.0,
            -907.9184700872624
        ],
        [
            -1594.3280798908095,
            0.0,
            -850.5098316137708
        ],
        [
            -1587.4659031107929,
            0.0,
            -797.4360516434123
        ],
        [
            -1583.4748459042346,
            0.0,
            -746.8152213824786
        ],
        [
            -1581.0496479506844,
            0.0,
            -696.7080258006342
        ],
        [
            -1578.3064939573069,
            0.0,
            -650.2288913391908
        ],
        [
            -1572.7373434701244,
            0.0,
