{
    "timestamp": 1776227123,
    "capture_id": 24,
    "lidar_points": [
        [
            -64.81811866378328,
            0.0,
            564.7927597737844
        ],
        [
            -51.45178577981232,
            0.0,
            570.1832720626486
        ],
        [
            -38.22519406435328,
            0.0,
            575.9829832892136
        ],
        [
            -24.635252887593417,
            0.0,
            578.7258995544993
        ],
        [
            -9.660429080613293,
            0.0,
            580.6696467097091
        ],
        [
            4.424912069321321,
            0.0,
            579.4831060118827
        ],
        [
            18.12331204562338,
            0.0,
            572.7133188258301
        ],
        [
            34.32096910387236,
            0.0,
            566.2107678062746
        ],
        [
            47.28080411570158,
            0.0,
            559.756722212581
        ],
        [
            60.255606064326926,
            0.0,
            552.9767847186902
        ],
        [
            74.38418867734471,
            0.0,
            545.4514116535158
        ],
        [
            85.4427520924029,
            0.0,
            538.5137868382537
        ],
        [
            98.10883545011134,
            0.0,
            531.7755343249847
        ],
        [
            111.88293781744387,
            0.0,
            524.9597801025694
        ],
        [
            123.46226325502329,
            0.0,
            517.989690584617
        ],
        [
            134.8239339307882,
            0.0,
            511.53055318272675
        ],
        [
            146.43172669419164,
            0.0,
            504.9463455827337
        ],
        [
            157.99412629075542,
            0.0,
            497.777981190029
        ],
        [
            171.32638650172868,
            0.0,
            494.93568449674376
        ],
        [
            186.91585532603563,
            0.0,
            455.1114841747421
        ],
        [
            193.93597502403074,
            0.0,
            438.80394265717183
        ],
        [
            199.0568194734045,
            0.0,
            423.55682336745855
        ],
        [
            205.0240239828783,
            0.0,
            407.58951420500034
        ],
        [
            888.8978026022457,
            0.0,
            1380.291186318633
        ],
        [
            929.527911178311,
            0.0,
            1368.4008640893524
        ],
        [
            981.8662020523983,
            0.0,
            1367.8277756235245
        ],
        [
            1032.4008458458748,
            0.0,
            1366.937267579139
        ],
        [
            1083.8930980747177,
            0.0,
            1363.4033938809123
        ],
        [
            1142.3016168721506,
            0.0,
            1365.1179495161837
        ],
        [
            1197.5403125275682,
            0.0,
            1362.5319078360603
        ],
        [
            1251.8178468757915,
            0.0,
            1355.6915728672423
        ],
        [
            517.3037204109435,
            0.0,
            438.6569540643308
        ],
        [
            521.446284392055,
            0.0,
            419.9095408462637
        ],
        [
            523.0638055541887,
            0.0,
            397.972131962993
        ],
        [
            563.4792403068864,
            0.0,
            388.62757975106996
        ],
        [
            736.4563990581997,
            0.0,
            462.70620785356834
        ],
        [
            745.4802081453129,
            0.0,
            444.6158558391964
        ],
        [
            756.0797422158886,
            0.0,
            425.32302243207516
        ],
        [
            766.9543113440969,
            0.0,
            405.38541452635167
        ],
        [
            2667.566246548513,
            0.0,
            999.0208057268266
        ],
        [
            2681.1058926145683,
            0.0,
            930.5456423988236
        ],
        [
            2783.7297190839495,
            0.0,
            520.6465702266705
        ],
        [
            3320.8282398876154,
            0.0,
            126.84779724111146
        ],
        [
            1602.6823640199814,
            0.0,
            -31.909874009839356
        ],
        [
            1595.1920227631751,
            0.0,
            -70.51930950264475
        ],
        [
            1589.9581273490421,
            0.0,
            -109.87363549426733
        ],
        [
            1586.5744505029688,
            0.0,
            -148.40405321689343
        ],
        [
            1584.4834508554425,
            0.0,
            -189.28881759160626
        ],
        [
            1581.9595558369397,
            0.0,
            -227.61156867829123
        ],
        [
            1578.389947172489,
            0.0,
            -268.11597241646575
        ],
        [
            1575.2605532794134,
            0.0,
            -307.5372973833194
        ],
        [
            1574.0740804400637,
            0.0,
            -347.6129877993165
        ],
        [
            1571.8653549670757,
            0.0,
            -387.81478292379353
        ],
        [
            1566.814613897992,
            0.0,
            -427.1626922797511
        ],
        [
            1567.2114097741762,
            0.0,
            -470.2791294259604
        ],
        [
            501.31380764365286,
            0.0,
            -195.265117893142
        ],
        [
            160.65016773580274,
            0.0,
            -95.22124818788316
        ],
        [
            156.7550774017378,
            0.0,
            -98.24889673057501
        ],
        [
            152.21162630505813,
            0.0,
            -100.6869942821283
        ],
        [
            148.02614745080936,
            0.0,
            -103.28847791922989
        ],
        [
            144.20912706585952,
            0.0,
            -106.04116026761864
        ],
        [
            141.16788537563627,
            0.0,
            -109.24229098005597
        ],
        [
            391.42891974021825,
            0.0,
            -457.0409864454235
        ],
        [
            375.4537649273951,
            0.0,
            -462.8719805754549
        ],
        [
            631.7033997197171,
            0.0,
            -1350.843209733295
        ],
        [
            595.9237826438012,
            0.0,
            -1359.3648913295883
        ],
        [
            557.2006992358467,
            0.0,
            -1365.165788749148
        ],
        [
            519.8198485732487,
            0.0,
            -1367.536590014792
        ],
        [
            480.66227781120256,
            0.0,
            -1370.3991525060667
        ],
        [
            34.647839697323704,
            0.0,
            -546.903581268498
        ],
        [
            -76.34279548463512,
            0.0,
            -3292.8651414957144
        ],
        [
            -158.9251514873613,
            0.0,
            -3289.9136552080995
        ],
        [
            -239.6440264230583,
            0.0,
            -3297.8042680850153
        ],
        [
            -321.7902799586577,
            0.0,
            -3294.8234043305156
        ],
        [
            -377.11967633892647,
            0.0,
            -1187.034540237993
        ],
        [
            -326.3142039529518,
            0.0,
            -340.6862233765131
        ],
        [
            -321.8740442166924,
            0.0,
            -303.2856115274688
        ],
        [
            -329.8030523491311,
            0.0,
            -296.1427175555669
        ],
        [
            -1525.8340123743778,
            0.0,
            -1042.561540956459
