{
    "timestamp": 1775526897,
    "capture_id": 0,
    "lidar_points": [
        [
            353.40625,
            707.0
        ],
        [
            354.859375,
            702.75
        ],
        [
            356.1875,
            699.25
        ],
        [
            357.671875,
            695.25
        ],
        [
            359.046875,
            693.5
        ],
        [
            0.609375,
            693.0
        ],
        [
            1.90625,
            689.0
        ],
        [
            3.359375,
            686.75
        ],
        [
            4.84375,
            686.25
        ],
        [
            6.375,
            684.25
        ],
        [
            7.8125,
            682.25
        ],
        [
            9.0625,
            681.75
        ],
        [
            10.59375,
            679.75
        ],
        [
            11.953125,
            678.0
        ],
        [
            13.46875,
            678.0
        ],
        [
            14.828125,
            679.0
        ],
        [
            16.265625,
            683.75
        ],
        [
            23.203125,
            2983.75
        ],
        [
            24.640625,
            2980.0
        ],
        [
            26.046875,
            3045.5
        ],
        [
            34.84375,
            2509.5
        ],
        [
            36.3125,
            2441.0
        ],
        [
            37.765625,
            2378.25
        ],
        [
            39.21875,
            2318.25
        ],
        [
            42.109375,
            2189.25
        ],
        [
            43.546875,
            2140.5
        ],
        [
            45.0,
            2103.75
        ],
        [
            46.453125,
            2058.0
        ],
        [
            47.921875,
            2005.75
        ],
        [
            49.34375,
            1964.75
        ],
        [
            50.828125,
            1937.5
        ],
        [
            52.25,
            1903.5
        ],
        [
            53.734375,
            1860.0
        ],
        [
            56.609375,
            1817.0
        ],
        [
            58.078125,
            1780.0
        ],
        [
            59.5,
            1768.75
        ],
        [
            60.984375,
            1759.25
        ],
        [
            62.421875,
            1738.75
        ],
        [
            63.84375,
            1720.75
        ],
        [
            65.28125,
            1705.75
        ],
        [
            73.5625,
            310.25
        ],
        [
            74.953125,
            315.75
        ],
        [
            80.109375,
            347.0
        ],
        [
            81.703125,
            354.25
        ],
        [
            83.140625,
            360.75
        ],
        [
            84.3125,
            364.0
        ],
        [
            85.984375,
            365.0
        ],
        [
            87.234375,
            364.75
        ],
        [
            88.609375,
            363.75
        ],
        [
            90.359375,
            363.0
        ],
        [
            91.734375,
            363.75
        ],
        [
            103.4375,
            279.0
        ],
        [
            104.890625,
            278.5
        ],
        [
            105.265625,
            283.75
        ],
        [
            107.21875,
            289.25
        ],
        [
            112.609375,
            315.0
        ],
        [
            122.984375,
            172.5
        ],
        [
            124.421875,
            168.75
        ],
        [
            125.875,
            166.0
        ],
        [
            127.296875,
            164.0
        ],
        [
            146.65625,
            230.75
        ],
        [
            148.359375,
            224.0
        ],
        [
            152.640625,
            202.75
        ],
        [
            156.953125,
            185.5
        ],
        [
            162.109375,
            507.5
        ],
        [
            163.71875,
            501.25
        ],
        [
            165.1875,
            499.25
        ],
        [
            166.515625,
            497.25
        ],
        [
            167.828125,
            495.75
        ],
        [
            169.359375,
            494.75
        ],
        [
            170.953125,
            493.75
        ],
        [
            172.25,
            493.0
        ],
        [
            173.53125,
            492.5
        ],
        [
            175.1875,
            492.5
        ],
        [
            176.671875,
            492.75
        ],
        [
            178.09375,
            493.5
        ],
        [
            179.40625,
            494.75
        ],
        [
            180.828125,
            496.25
        ],
        [
            182.40625,
            497.75
        ],
        [
            183.625,
            499.75
        ],
        [
            184.984375,
            501.5
        ],
        [
            186.40625,
            504.0
        ],
        [
            187.859375,
            507.0
        ],
        [
            189.5,
            510.25
        ],
        [
            190.78125,
            513.75
        ],
        [
            192.28125,
            518.0
        ],
        [
            193.515625,
            522.75
        ],
        [
            195.140625,
            527.75
        ],
        [
            196.546875,
            533.0
        ],
        [
            197.796875,
            538.25
        ],
        [
            199.21875,
            544.5
        ],
        [
            200.515625,
            551.5
        ],
        [
            201.921875,
            559.25
        ],
        [
            203.46875,
            566.25
        ],
        [
            204.90625,
            574.0
        ],
        [
            206.390625,
            582.5
        ],
        [
            207.703125,
            591.75
        ],
        [
            209.0,
            601.75
        ],
        [
            210.375,
            612.75
        ],
        [
            211.796875,
            624.5
        ],
        [
            213.28125,
            637.5
        ],
        [
            214.546875,
            650.75
        ],
        [
            215.984375,
            664.75
        ],
        [
            217.5,
            680.0
        ],
        [
            218.796875,
            696.75
        ],
        [
            220.140625,
            715.0
        ],
        [
            221.5,
            733.25
        ],
        [
            223.0,
            753.25
        ],
        [
            224.375,
            776.25
        ],
        [
            227.09375,
            827.0
        ],
        [
            234.0,
            986.75
        ],
        [
            235.5,
            989.5
        ],
        [
            236.875,
            977.25
        ],
        [
            238.453125,
            966.0
        ],
        [
            239.890625,
            955.75
        ],
        [
            241.328125,
            947.5
        ],
        [
            242.71875,
            937.75
        ],
        [
            244.234375,
            929.75
        ],
        [
            245.671875,
            922.0
        ],
        [
            247.09375,
            913.75
        ],
        [
            248.59375,
            906.25
        ],
        [
            250.015625,
            899.5
        ],
        [
            251.46875,
            894.0
        ],
        [
            252.828125,
            890.5
        ],
        [
            254.34375,
            887.75
        ],
        [
            255.796875,
            885.5
        ],
        [
            257.203125,
            883.25
        ],
